"internalImageId","sampleType","oodCategory","fichaPezId","scientificName","sourceTier","sourceName","sourceItemId","originalSourceUrl","originalFilename","license","licenseUrl","photographerAuthor","attributionText","rightsStatus","labelStatus","labelReviewer","acquisitionDate","checksumSha256","perceptualHash","derivativeGroupId","sourceGroupId","sessionGroupId","individualFishGroupId","contributorGroupId","originalOrDerivative","parentImageId","poseTags","environmentTags","biologicalVariationTags","qualityFlags","datasetPartition","partitionLockStatus","exclusionReason","notes"
"pilot-b1-wc-10058528","POSITIVE","","AYGYpLjkS9LEv7AXVAuk","Coryphaena hippurus","TIER_2","Wikimedia Commons","10058528","https://upload.wikimedia.org/wikipedia/commons/b/b3/Dolphinfish_%28Coryphaena_hippurus%29.jpg?utm_source=commons.wikimedia.org&utm_campaign=imageinfo&utm_content=original","Dolphinfish_(Coryphaena_hippurus).jpg","Public domain","","Brandi Noble","http://www.photolib.noaa.gov/htmls/fish4173.htm","APPROVED","APPROVED","Codex initial visual label review; independent Dataset Approver Edgar Rivera","2026-08-14","652eb0b669b0f44cc3c478791a5161bd3f82b9c9a29626c1b934a20c74347625","f03497caec363299","derivative-wc-10058528","cory-noaa-fish4173","session-cory-noaa-fish4173","individual-wc-10058528","","ORIGINAL","","left_lateral|full_fish","postcatch|plain_surface|daylight","adult_or_subadult","","TRAIN","UNLOCKED","","Batch 1 controlled original. Partition is deterministic PROPOSED only. Source/session/individual IDs are provisional evidence-based singleton groups; revisit if later source or binary evidence links another image. Binary stored outside Git."
"pilot-b1-wc-107176216","POSITIVE","","5SkWhUQgG6JuanpfSLUT","Alectis ciliaris","TIER_2","Wikimedia Commons","107176216","https://upload.wikimedia.org/wikipedia/commons/0/0c/Alectis_ciliaris_-_Reef1701.jpg?utm_source=commons.wikimedia.org&utm_campaign=imageinfo&utm_content=original","Alectis_ciliaris_-_Reef1701.jpg","CC BY 2.0","https://creativecommons.org/licenses/by/2.0","NOAA Photo Library","https://www.flickr.com/photos/noaaphotolib/9730837825/","APPROVED","APPROVED","Codex initial visual label review; independent Dataset Approver Edgar Rivera","2026-08-14","2e597c3be8efe9b605d78e1b46b9ba6e7a28614e6b4526e94d989a5360c4d1f6","d1a417da8c0ff266","derivative-wc-107176216","alectis-noaa-reef1701","session-alectis-noaa-reef1701","individual-wc-107176216","","ORIGINAL","","left_lateral_oblique|full_fish","natural_underwater","adult","","TEST","LOCKED","","Batch 1 controlled original. Partition is deterministic PROPOSED only. Source/session/individual IDs are provisional evidence-based singleton groups; revisit if later source or binary evidence links another image. Binary stored outside Git. Human-curated TEST proposal: independent natural-underwater Alectis; Edgar decision PENDING. Locked in testset-v1 after independent approval by Edgar Rivera on 2026-08-14."
"pilot-b1-wc-152817751","POSITIVE","","AYGYpLjkS9LEv7AXVAuk","Coryphaena hippurus","TIER_2","Wikimedia Commons","152817751","https://upload.wikimedia.org/wikipedia/commons/f/fb/Coryphaena_hippurus_%28FDA_210%29.jpg?utm_source=commons.wikimedia.org&utm_campaign=imageinfo&utm_content=original","Coryphaena_hippurus_(FDA_210).jpg","Public domain","","The U.S. Food and Drug Administration","https://www.flickr.com/photos/fdaphotos/51699126197/","APPROVED","APPROVED","Codex initial visual label review; independent Dataset Approver Edgar Rivera","2026-08-14","26cf559f83c58773818a3ea82a4208d9903565f6a053bdb0f07801aee854634f","b59dc1c02f371c9c","derivative-wc-152817751","cory-fda-210","session-cory-fda-210","individual-wc-152817751","","ORIGINAL","","left_lateral|full_fish","controlled_reference|postcatch","adult","controlled_reference","VALIDATION","UNLOCKED","","Batch 1 controlled original. Partition is deterministic PROPOSED only. Source/session/individual IDs are provisional evidence-based singleton groups; revisit if later source or binary evidence links another image. Binary stored outside Git. Edgar Rivera MOVE_TO_VALIDATION override: controlled FDA reference not representative enough for locked TEST."
"pilot-b1-wc-152817762","POSITIVE","","5SkWhUQgG6JuanpfSLUT","Alectis ciliaris","TIER_2","Wikimedia Commons","152817762","https://upload.wikimedia.org/wikipedia/commons/8/85/Alectis_ciliaris_%28FDA_216%29.jpg?utm_source=commons.wikimedia.org&utm_campaign=imageinfo&utm_content=original","Alectis_ciliaris_(FDA_216).jpg","Public domain","","The U.S. Food and Drug Administration","https://www.flickr.com/photos/fdaphotos/51700596419/","APPROVED","APPROVED","Codex initial visual label review; independent Dataset Approver Edgar Rivera","2026-08-14","a0df7dda5e0b367184962702c3c9a682025ffd9663c19def06a107ea0897a8ac","b3974c4c4e331772","derivative-wc-152817762","alectis-fda-216","session-alectis-fda-216","individual-wc-152817762","","ORIGINAL","","left_lateral|full_fish","controlled_reference|postcatch","adult","controlled_reference","TRAIN","UNLOCKED","","Batch 1 controlled original. Partition is deterministic PROPOSED only. Source/session/individual IDs are provisional evidence-based singleton groups; revisit if later source or binary evidence links another image. Binary stored outside Git."
"pilot-b1-wc-1734232","POSITIVE","","AYGYpLjkS9LEv7AXVAuk","Coryphaena hippurus","TIER_2","Wikimedia Commons","1734232","https://upload.wikimedia.org/wikipedia/commons/c/cf/MahiMahi-bull.jpg?utm_source=commons.wikimedia.org&utm_campaign=imageinfo&utm_content=original","MahiMahi-bull.jpg","Public domain","","Jeff Weiss","Own work","APPROVED","APPROVED","Codex initial visual label review; independent Dataset Approver Edgar Rivera","2026-08-14","8942f7a3a298f8305a03b6e28054f28c71429ba39fc6d6d88b02f237b8803ec0","e41ae591daa51ae6","derivative-wc-1734232","cory-jeff-weiss-2005-catch","session-cory-jeff-weiss-2005-catch","individual-wc-1734232","","ORIGINAL","","left_lateral|full_fish","caught_held|boat|daylight","adult|large|male_bull","person_visible","TEST","LOCKED","","Batch 1 controlled original. Partition is deterministic PROPOSED only. Source/session/individual IDs are provisional evidence-based singleton groups; revisit if later source or binary evidence links another image. Binary stored outside Git. Human-curated TEST proposal: caught/held field-style Dorado; Edgar decision PENDING. Locked in testset-v1 after independent approval by Edgar Rivera on 2026-08-14."
"pilot-b1-wc-25501633","POSITIVE","","5SkWhUQgG6JuanpfSLUT","Alectis ciliaris","TIER_2","Wikimedia Commons","25501633","https://upload.wikimedia.org/wikipedia/commons/8/89/Sealife%2C_Bray%2C_Ireland._%287131961307%29.jpg?utm_source=commons.wikimedia.org&utm_campaign=imageinfo&utm_content=original","Sealife,_Bray,_Ireland._(7131961307).jpg","CC BY 2.0","https://creativecommons.org/licenses/by/2.0","Miguel Mendez from Malahide, Ireland","Sealife, Bray, Ireland.","APPROVED","APPROVED","Codex initial visual label review; independent Dataset Approver Edgar Rivera","2026-08-14","5f4498c196d37ac78b7832631acf5876d5e20c866856ef035846924746d8e8a1","d19fc2683d31e4d2","derivative-wc-25501633","alectis-mendez-sealife-bray","session-alectis-mendez-sealife-bray","individual-wc-25501633","","ORIGINAL","","right_lateral_oblique|full_fish","aquarium|naturalistic_background","adult","aquarium_context","VALIDATION","UNLOCKED","","Batch 1 controlled original. Partition is deterministic PROPOSED only. Source/session/individual IDs are provisional evidence-based singleton groups; revisit if later source or binary evidence links another image. Binary stored outside Git. Edgar Rivera MOVE_TO_VALIDATION override: aquarium image not representative enough for locked TEST."
"pilot-b1-wc-33573857","POSITIVE","","AYGYpLjkS9LEv7AXVAuk","Coryphaena hippurus","TIER_2","Wikimedia Commons","33573857","https://upload.wikimedia.org/wikipedia/commons/e/ea/Speafishing2.jpg?utm_source=commons.wikimedia.org&utm_campaign=imageinfo&utm_content=original","Speafishing2.jpg","CC BY 2.0","https://creativecommons.org/licenses/by/2.0","king damus","https://www.flickr.com/photos/kingdamus/3794571112","APPROVED","APPROVED","Codex initial visual label review; independent Dataset Approver Edgar Rivera","2026-08-14","51d79de83224103e1e1fc7c30af4d11239f176577a0757eaeb63bd20facfc452","c2c23e3dcfc2603d","derivative-wc-33573857","cory-kingdamus-spearfishing2","session-cory-kingdamus-spearfishing2","individual-wc-33573857","","ORIGINAL","","lateral_oblique|full_fish","natural_underwater|diver_context","adult","person_visible","TRAIN","UNLOCKED","","Batch 1 controlled original. Partition is deterministic PROPOSED only. Source/session/individual IDs are provisional evidence-based singleton groups; revisit if later source or binary evidence links another image. Binary stored outside Git."
"pilot-b1-wc-92968530","POSITIVE","","AYGYpLjkS9LEv7AXVAuk","Coryphaena hippurus","TIER_2","Wikimedia Commons","92968530","https://upload.wikimedia.org/wikipedia/commons/8/87/Lampuga.jpg?utm_source=commons.wikimedia.org&utm_campaign=imageinfo&utm_content=original","Lampuga.jpg","CC BY 3.0","https://creativecommons.org/licenses/by/3.0","Paolo Cavallari","Own work","APPROVED","APPROVED","Codex initial visual label review; independent Dataset Approver Edgar Rivera","2026-08-14","5c0af94a2e515a0afa9f4514f23a4489680c1dd8f48b21307c1daf3ccb6a5e8c","91a1cec0ec9b572e","derivative-wc-92968530","cory-cavallari-lampuga","session-cory-cavallari-lampuga","individual-wc-92968530","","ORIGINAL","","lateral_oblique|full_fish","caught_held|boat|daylight","adult","person_visible","VALIDATION","UNLOCKED","","Batch 1 controlled original. Partition is deterministic PROPOSED only. Source/session/individual IDs are provisional evidence-based singleton groups; revisit if later source or binary evidence links another image. Binary stored outside Git."
"pilot-ood-b1-wc-119270848","OOD","beach_water","","","TIER_2","Wikimedia Commons","119270848","https://upload.wikimedia.org/wikipedia/commons/4/43/20190415_Yehliu_geopark_beach-1.jpg?utm_source=commons.wikimedia.org&utm_campaign=imageinfo&utm_content=original","20190415_Yehliu_geopark_beach-1.jpg","CC0","http://creativecommons.org/publicdomain/zero/1.0/deed.en","Balon Greyjoy","","APPROVED","APPROVED","Edgar Rivera independent OOD category review and Dataset Approver","2026-08-14","b5ffd8690665f9adab1be19a879fa39ea92ba77254d9c9492852a9ffb605baf5","a39cbcab72d50d60","derivative-ood-wc-119270848","source-ood-wc-119270848","session-ood-wc-119270848","","","ORIGINAL","","scene","beach_water_scene","","human_approved_ood","TRAIN","UNLOCKED","","OOD Batch 1 controlled original; no classifier ID by design. Partition is deterministic PROPOSED only. Binary stored outside Git."
"pilot-ood-b1-wc-12104762","OOD","shark_ray","","","TIER_2","Wikimedia Commons","12104762","https://upload.wikimedia.org/wikipedia/commons/6/65/Ammenhai_unter_Riff.jpg?utm_source=commons.wikimedia.org&utm_campaign=imageinfo&utm_content=original","Ammenhai_unter_Riff.jpg","Public domain","","Florida Keys National Marine Sanctuary Staff","","APPROVED","APPROVED","Edgar Rivera independent OOD category review and Dataset Approver","2026-08-14","1f38c1b43dab3b18191fb4724662e5fd49e4b3a229e4413afcd8e51378e6ceb8","c048caee3d4d693d","derivative-ood-wc-12104762","source-ood-wc-12104762","session-ood-wc-12104762","individual-ood-wc-12104762","","ORIGINAL","","full_or_partial_animal","natural_underwater","","human_approved_ood","TEST","LOCKED","","OOD Batch 1 controlled original; no classifier ID by design. Partition is deterministic PROPOSED only. Binary stored outside Git. Human-curated TEST proposal: fish-like nurse-shark OOD; Edgar decision PENDING. Locked in testset-v1 after independent approval by Edgar Rivera on 2026-08-14."
"pilot-ood-b1-wc-140503658","OOD","person","","","TIER_2","Wikimedia Commons","140503658","https://upload.wikimedia.org/wikipedia/commons/3/3d/A_human_hand.png?utm_source=commons.wikimedia.org&utm_campaign=imageinfo&utm_content=original","A_human_hand.png","CC0","http://creativecommons.org/publicdomain/zero/1.0/deed.en","Editor3458654","","APPROVED","APPROVED","Edgar Rivera independent OOD category review and Dataset Approver","2026-08-14","878ab56a3fe9f27411d79d43bbf2b057f4a32268cda31e92ad4c254bb5e8b07d","e7a71dc8247692c9","derivative-ood-wc-140503658","source-ood-wc-140503658","session-ood-wc-140503658","","","ORIGINAL","","person_or_hand","person_hands","","human_approved_ood","TRAIN","UNLOCKED","","OOD Batch 1 controlled original; no classifier ID by design. Partition is deterministic PROPOSED only. Binary stored outside Git."
"pilot-ood-b1-wc-181803762","OOD","fishing_gear","","","TIER_2","Wikimedia Commons","181803762","https://upload.wikimedia.org/wikipedia/commons/1/12/A_spinning_reel_on_a_rod.jpg?utm_source=commons.wikimedia.org&utm_campaign=imageinfo&utm_content=original","A_spinning_reel_on_a_rod.jpg","CC0","http://creativecommons.org/publicdomain/zero/1.0/deed.en","JaredMcKenzie","","APPROVED","APPROVED","Edgar Rivera independent OOD category review and Dataset Approver","2026-08-14","ddd961096e1f9f431fb3725ed3acdcd319d173db6ea3d8d48f76a276ff3f897f","faac85752a99a14e","derivative-ood-wc-181803762","source-ood-jaredmckenzie-gear-family","session-ood-jaredmckenzie-gear","","","ORIGINAL","","object_detail","controlled_gear","","human_approved_ood","TRAIN","UNLOCKED","","OOD Batch 1 controlled original; no classifier ID by design. Partition is deterministic PROPOSED only. Binary stored outside Git. Correlated JaredMcKenzie gear family; same source/session group and manual pHash review required."
"pilot-ood-b1-wc-181803763","OOD","fishing_gear","","","TIER_2","Wikimedia Commons","181803763","https://upload.wikimedia.org/wikipedia/commons/a/a8/A_3000_sized_spinning_reel.jpg?utm_source=commons.wikimedia.org&utm_campaign=imageinfo&utm_content=original","A_3000_sized_spinning_reel.jpg","CC0","http://creativecommons.org/publicdomain/zero/1.0/deed.en","JaredMcKenzie","","APPROVED","APPROVED","Edgar Rivera independent OOD category review and Dataset Approver","2026-08-14","e63c3c92d8cfe62acec2f5edd12d00b910ca5d38c7342b1a251b084b03b2a64f","f28d8d75289ba34c","derivative-ood-wc-181803763","source-ood-jaredmckenzie-gear-family","session-ood-jaredmckenzie-gear","","","ORIGINAL","","object_detail","controlled_gear","","human_approved_ood","TRAIN","UNLOCKED","","OOD Batch 1 controlled original; no classifier ID by design. Partition is deterministic PROPOSED only. Binary stored outside Git. Correlated JaredMcKenzie gear family; same source/session group and manual pHash review required."
"pilot-ood-b1-wc-26396862","OOD","crustacean","","","TIER_2","Wikimedia Commons","26396862","https://upload.wikimedia.org/wikipedia/commons/9/98/Bio_Lab_Road_-_Flickr_-_Rusty_Clark_%2872%29.jpg?utm_source=commons.wikimedia.org&utm_campaign=imageinfo&utm_content=original","Bio_Lab_Road_-_Flickr_-_Rusty_Clark_(72).jpg","CC BY 2.0","https://creativecommons.org/licenses/by/2.0","Rusty Clark","Rusty Clark / CC BY 2.0","APPROVED","APPROVED","Edgar Rivera independent OOD category review and Dataset Approver","2026-08-14","ae942ae39b468ad770ca737b69eecf0b053729ef7efc0313614cf4d53a96937c","a978c85ac2cf1c9d","derivative-ood-wc-26396862","source-ood-wc-26396862","session-ood-wc-26396862","","","ORIGINAL","","full_or_partial_animal","animal_context","","human_approved_ood","TRAIN","UNLOCKED","","OOD Batch 1 controlled original; no classifier ID by design. Partition is deterministic PROPOSED only. Binary stored outside Git."
"pilot-ood-b1-wc-29209984","OOD","crustacean","","","TIER_2","Wikimedia Commons","29209984","https://upload.wikimedia.org/wikipedia/commons/f/fe/A_big_blue_crab_%287831255628%29.jpg?utm_source=commons.wikimedia.org&utm_campaign=imageinfo&utm_content=original","A_big_blue_crab_(7831255628).jpg","CC BY 2.0","https://creativecommons.org/licenses/by/2.0","Virginia State Parks staff","Virginia State Parks staff / CC BY 2.0","APPROVED","APPROVED","Edgar Rivera independent OOD category review and Dataset Approver","2026-08-14","590640abe7c16c92946e6beab974089655313a102c7c053eac1f6907cf0982e9","ec95cada85f890e4","derivative-ood-wc-29209984","source-ood-wc-29209984","session-ood-wc-29209984","","","ORIGINAL","","full_or_partial_animal","animal_context","","human_approved_ood","TRAIN","UNLOCKED","","OOD Batch 1 controlled original; no classifier ID by design. Partition is deterministic PROPOSED only. Binary stored outside Git."
"pilot-ood-b1-wc-33200360","OOD","boat","","","TIER_2","Wikimedia Commons","33200360","https://upload.wikimedia.org/wikipedia/commons/2/28/%27Weisser_Strand%27_am_Flakensee_in_Woltersdorf_Juni_2014_-_100.JPG?utm_source=commons.wikimedia.org&utm_campaign=imageinfo&utm_content=original","'Weisser_Strand'_am_Flakensee_in_Woltersdorf_Juni_2014_-_100.JPG","CC BY 4.0","https://creativecommons.org/licenses/by/4.0","Marcus Cyron","Marcus Cyron / CC BY 4.0","APPROVED","APPROVED","Edgar Rivera independent OOD category review and Dataset Approver","2026-08-14","931aeb212bd5bd1c3d3d85df2556fe2b91d404ced418f88ba6441f7f1cf144d6","807e4ba8a39f98e3","derivative-ood-wc-33200360","source-ood-wc-33200360","session-ood-wc-33200360","","","ORIGINAL","","scene","boat_water_scene","","human_approved_ood","TRAIN","UNLOCKED","","OOD Batch 1 controlled original; no classifier ID by design. Partition is deterministic PROPOSED only. Binary stored outside Git. Edgar Rivera MOVE_TO_TRAIN override: avoid two boat-only OOD TEST rows."
"pilot-ood-b1-wc-346756","OOD","shark_ray","","","TIER_2","Wikimedia Commons","346756","https://upload.wikimedia.org/wikipedia/commons/c/c6/Belize_shark.jpg?utm_source=commons.wikimedia.org&utm_campaign=imageinfo&utm_content=original","Belize_shark.jpg","CC BY 2.0","https://creativecommons.org/licenses/by/2.0","Josh from New Rochelle","Josh / CC BY 2.0","APPROVED","APPROVED","Edgar Rivera independent OOD category review and Dataset Approver","2026-08-14","7aaa8219ad63b9e867872f8b0416df3bb5a71d6a99e78889cb2575a6ba444d7d","91297483175ef933","derivative-ood-wc-346756","source-ood-wc-346756","session-ood-wc-346756","individual-ood-wc-346756","","ORIGINAL","","full_or_partial_animal","natural_underwater","","human_approved_ood","TRAIN","UNLOCKED","","OOD Batch 1 controlled original; no classifier ID by design. Partition is deterministic PROPOSED only. Binary stored outside Git."
"pilot-ood-b1-wc-35648764","OOD","unsupported_fish","","","TIER_2","Wikimedia Commons","35648764","https://upload.wikimedia.org/wikipedia/commons/8/8d/Common_lion_fish_Pterois_volitans.jpg?utm_source=commons.wikimedia.org&utm_campaign=imageinfo&utm_content=original","Common_lion_fish_Pterois_volitans.jpg","CC BY 3.0","https://creativecommons.org/licenses/by/3.0","Michael Gäbler","Michael Gäbler / CC BY 3.0","APPROVED","APPROVED","Edgar Rivera independent OOD category review and Dataset Approver","2026-08-14","324a9215c597c115b32002b0d8e25cf577971988eca3a64768b2b89afdb603a1","9e3161ce30db663a","derivative-ood-wc-35648764","source-ood-wc-35648764","session-ood-wc-35648764","individual-ood-wc-35648764","","ORIGINAL","","full_or_partial_animal","natural_or_aquarium_underwater","","human_approved_ood","VALIDATION","UNLOCKED","","OOD Batch 1 controlled original; no classifier ID by design. Partition is deterministic PROPOSED only. Binary stored outside Git."
"pilot-ood-b1-wc-37313734","OOD","boat","","","TIER_2","Wikimedia Commons","37313734","https://upload.wikimedia.org/wikipedia/commons/1/18/2_b%C3%A2teaux_et_la_lune_-_2_boats_and_the_moon_%2811356131235%29.jpg?utm_source=commons.wikimedia.org&utm_campaign=imageinfo&utm_content=original","2_bâteaux_et_la_lune_-_2_boats_and_the_moon_(11356131235).jpg","CC BY 2.0","https://creativecommons.org/licenses/by/2.0","Grand Parc - Bordeaux, France","Grand Parc - Bordeaux, France / CC BY 2.0","APPROVED","APPROVED","Edgar Rivera independent OOD category review and Dataset Approver","2026-08-14","58643e04d236cccd88cd1e1da6de47e4381633ff4d38b47f968cedd4c7d19bbe","d48b37c89728d42f","derivative-ood-wc-37313734","source-ood-wc-37313734","session-ood-wc-37313734","","","ORIGINAL","","scene","boat_water_scene","","human_approved_ood","TRAIN","UNLOCKED","","OOD Batch 1 controlled original; no classifier ID by design. Partition is deterministic PROPOSED only. Binary stored outside Git. Edgar Rivera MOVE_TO_TRAIN override: avoid two boat-only OOD TEST rows."
"pilot-ood-b1-wc-5191439","OOD","unsupported_fish","","","TIER_2","Wikimedia Commons","5191439","https://upload.wikimedia.org/wikipedia/commons/b/b2/Lion_fish.jpg?utm_source=commons.wikimedia.org&utm_campaign=imageinfo&utm_content=original","Lion_fish.jpg","Public domain","","Bachrach44","","APPROVED","APPROVED","Edgar Rivera independent OOD category review and Dataset Approver","2026-08-14","628ea1d48f68f109413365d9dfe74d80c3f29a377a01439105897508a4038c54","d435269a6b0f9ba1","derivative-ood-wc-5191439","source-ood-wc-5191439","session-ood-wc-5191439","individual-ood-wc-5191439","","ORIGINAL","","full_or_partial_animal","natural_or_aquarium_underwater","","human_approved_ood","VALIDATION","UNLOCKED","","OOD Batch 1 controlled original; no classifier ID by design. Partition is deterministic PROPOSED only. Binary stored outside Git."
"pilot-ood-b1-wc-61708668","OOD","person","","","TIER_2","Wikimedia Commons","61708668","https://upload.wikimedia.org/wikipedia/commons/e/e1/Bedford%2C_United_Kingdom_%28Unsplash%29.jpg?utm_source=commons.wikimedia.org&utm_campaign=imageinfo&utm_content=original","Bedford,_United_Kingdom_(Unsplash).jpg","CC0","http://creativecommons.org/publicdomain/zero/1.0/deed.en","Thomas Curryer","","APPROVED","APPROVED","Edgar Rivera independent OOD category review and Dataset Approver","2026-08-14","1e6164b76843a3617673f96e41f0db0d35872a77ded9ae26a2a48a53710580de","c16a383f43b0ce4f","derivative-ood-wc-61708668","source-ood-wc-61708668","session-ood-wc-61708668","","","ORIGINAL","","person_or_hand","person_hands","","human_approved_ood","TRAIN","UNLOCKED","","OOD Batch 1 controlled original; no classifier ID by design. Partition is deterministic PROPOSED only. Binary stored outside Git."
"pilot-ood-b1-wc-92100670","OOD","beach_water","","","TIER_2","Wikimedia Commons","92100670","https://upload.wikimedia.org/wikipedia/commons/1/12/Santa_Isabel%2C_Puerto_Rico.jpg?utm_source=commons.wikimedia.org&utm_campaign=imageinfo&utm_content=original","Santa_Isabel,_Puerto_Rico.jpg","CC BY 2.0","https://creativecommons.org/licenses/by/2.0","chispy2","chispy2 / CC BY 2.0","APPROVED","APPROVED","Edgar Rivera independent OOD category review and Dataset Approver","2026-08-14","241f977e4b8fbb1a6d6708716ebb835faab2c401817452d337463dcf034ce167","93616b5997316c33","derivative-ood-wc-92100670","source-ood-wc-92100670","session-ood-wc-92100670","","","ORIGINAL","","scene","beach_water_scene","","human_approved_ood","TEST","LOCKED","","OOD Batch 1 controlled original; no classifier ID by design. Partition is deterministic PROPOSED only. Binary stored outside Git. Human-curated TEST proposal: Puerto Rico beach/water OOD; Edgar decision PENDING. Locked in testset-v1 after independent approval by Edgar Rivera on 2026-08-14."
