"candidateId","workflowStatus","discoveryDate","discoveryReviewer","sampleType","proposedScientificName","proposedFichaPezId","proposedOodCategory","sourceTier","sourceTypePermitted","sourceName","sourceItemId","sourcePageUrl","mediaFileUrl","creatorKnown","creatorName","rightsHolder","exactLicense","licenseVersion","licenseUrl","licenseEvidenceReference","commercialUseAllowed","derivativesAllowed","mlTrainingAllowed","attributionRequired","attributionText","thirdPartyRightsReviewed","thirdPartyRightsWarning","permissionEvidenceReference","rightsStatus","rightsReviewer","rightsReviewDate","scientificIdentityEvidence","frozenIdResolved","commonNameOnlyLabel","noUnresolvedAmbiguity","multipleFishReview","conditionSupportsIdentification","sourceMetadataMatchesImage","labelStatus","labelReviewerPrimary","labelReviewerSecondary","expertReviewRequired","expertReviewStatus","qualityDecision","candidateDecision","rejectionState","rejectionReason","approvedInternalImageId","notes","datasetApprover","datasetApproverDecision","datasetApprovalDate"
"wc-107176216","APPROVED","2026-08-14","Codex metadata discovery","POSITIVE","Alectis ciliaris","5SkWhUQgG6JuanpfSLUT","","TIER_2","YES","Wikimedia Commons","107176216","https://commons.wikimedia.org/wiki/?curid=107176216","https://upload.wikimedia.org/wikipedia/commons/0/0c/Alectis_ciliaris_-_Reef1701.jpg?utm_source=commons.wikimedia.org&utm_campaign=imageinfo&utm_content=original","YES","NOAA Photo Library","NOAA Photo Library","CC BY 2.0","","https://creativecommons.org/licenses/by/2.0","https://commons.wikimedia.org/wiki/?curid=107176216","YES","YES","YES","YES","https://www.flickr.com/photos/noaaphotolib/9730837825/","YES","","","APPROVED","Codex item-level rights review","2026-08-14","Commons metadata/category claims Alectis ciliaris; visual review not performed","YES","NO","YES","CLEAR_OR_REVIEWED","YES","YES","APPROVED","Codex initial visual label review","","CONDITIONAL","NOT_REQUIRED_CLEAR_ADULT","ACCEPTABLE","APPROVED_FOR_ACQUISITION","","","","Metadata-only discovery; no image downloaded. Exact file page returned HTTP 200, displayed the recorded allowed license, showed no detected contradictory rights/deletion warning, and the temporary source image was visually reviewed. Temporary review copy was removed after adjudication. Fish is clear and visually consistent with the frozen identity. Independently approved for controlled acquisition by Edgar Rivera on 2026-08-14.","Edgar Rivera","APPROVED","2026-08-14"
"wc-152794810","LABEL_REVIEW","2026-08-14","Codex metadata discovery","POSITIVE","Alectis ciliaris","5SkWhUQgG6JuanpfSLUT","","TIER_2","YES","Wikimedia Commons","152794810","https://commons.wikimedia.org/wiki/?curid=152794810","https://upload.wikimedia.org/wikipedia/commons/c/cd/Alectis_ciliaris_%28FDA_132%29.jpg?utm_source=commons.wikimedia.org&utm_campaign=imageinfo&utm_content=original","YES","The U.S. Food and Drug Administration","The U.S. Food and Drug Administration","Public domain","","","https://commons.wikimedia.org/wiki/?curid=152794810","YES","YES","YES","NO","https://www.flickr.com/photos/fdaphotos/51699126952/","YES","","","APPROVED","Codex item-level rights review","2026-08-14","Commons metadata/category claims Alectis ciliaris; visual review not performed","YES","NO","YES","CLEAR_OR_REVIEWED","YES","YES","APPROVED","Codex initial visual label review","","CONDITIONAL","NOT_REQUIRED_CLEAR_ADULT","ACCEPTABLE","PENDING","","","","Metadata-only discovery; no image downloaded. Exact file page returned HTTP 200, displayed the recorded allowed license, showed no detected contradictory rights/deletion warning, and the temporary source image was visually reviewed. Temporary review copy was removed after adjudication. Fish is clear and visually consistent with the frozen identity.","","",""
"wc-152817762","APPROVED","2026-08-14","Codex metadata discovery","POSITIVE","Alectis ciliaris","5SkWhUQgG6JuanpfSLUT","","TIER_2","YES","Wikimedia Commons","152817762","https://commons.wikimedia.org/wiki/?curid=152817762","https://upload.wikimedia.org/wikipedia/commons/8/85/Alectis_ciliaris_%28FDA_216%29.jpg?utm_source=commons.wikimedia.org&utm_campaign=imageinfo&utm_content=original","YES","The U.S. Food and Drug Administration","The U.S. Food and Drug Administration","Public domain","","","https://commons.wikimedia.org/wiki/?curid=152817762","YES","YES","YES","NO","https://www.flickr.com/photos/fdaphotos/51700596419/","YES","","","APPROVED","Codex item-level rights review","2026-08-14","Commons metadata/category claims Alectis ciliaris; visual review not performed","YES","NO","YES","CLEAR_OR_REVIEWED","YES","YES","APPROVED","Codex initial visual label review","","CONDITIONAL","NOT_REQUIRED_CLEAR_ADULT","ACCEPTABLE","APPROVED_FOR_ACQUISITION","","","","Metadata-only discovery; no image downloaded. Exact file page returned HTTP 200, displayed the recorded allowed license, showed no detected contradictory rights/deletion warning, and the temporary source image was visually reviewed. Temporary review copy was removed after adjudication. Fish is clear and visually consistent with the frozen identity. Independently approved for controlled acquisition by Edgar Rivera on 2026-08-14.","Edgar Rivera","APPROVED","2026-08-14"
"wc-15368549","LABEL_REVIEW","2026-08-14","Codex metadata discovery","POSITIVE","Alectis ciliaris","5SkWhUQgG6JuanpfSLUT","","TIER_2","YES","Wikimedia Commons","15368549","https://commons.wikimedia.org/wiki/?curid=15368549","https://upload.wikimedia.org/wikipedia/commons/f/f8/Alectis_ciliaris_Abu_Dhabi.jpg?utm_source=commons.wikimedia.org&utm_campaign=imageinfo&utm_content=original","YES","user:Хомелка","user:Хомелка","CC BY 3.0","","https://creativecommons.org/licenses/by/3.0","https://commons.wikimedia.org/wiki/?curid=15368549","YES","YES","YES","YES","Own work","YES","","","APPROVED","Codex item-level rights review","2026-08-14","Commons metadata/category claims Alectis ciliaris; visual review not performed","YES","NO","NO","CLEAR_OR_REVIEWED","YES","YES","PENDING","Codex initial visual label review","","CONDITIONAL","PENDING","ACCEPTABLE","PENDING","","","","Metadata-only discovery; no image downloaded. Exact file page returned HTTP 200, displayed the recorded allowed license, showed no detected contradictory rights/deletion warning, and the temporary source image was visually reviewed. Temporary review copy was removed after adjudication. Juvenile morphology requires enhanced Alectis review.","","",""
"wc-19295725","REJECTED","2026-08-14","Codex metadata discovery","POSITIVE","Alectis ciliaris","5SkWhUQgG6JuanpfSLUT","","TIER_2","YES","Wikimedia Commons","19295725","https://commons.wikimedia.org/wiki/?curid=19295725","https://upload.wikimedia.org/wikipedia/commons/d/d6/African_Pompano.jpg?utm_source=commons.wikimedia.org&utm_campaign=imageinfo&utm_content=original","YES","J. Deeds","J. Deeds","Public domain","","","https://commons.wikimedia.org/wiki/?curid=19295725","YES","YES","YES","NO","http://www.fda.gov/Food/FoodSafety/Product-SpecificInformation/Seafood/DNAspeciation/ucm265488.htm","YES","","","APPROVED","Codex item-level rights review","2026-08-14","Commons metadata/category claims Alectis ciliaris; visual review not performed","YES","NO","YES","CLEAR_OR_REVIEWED","YES","YES","APPROVED","Codex initial visual label review","","CONDITIONAL","NOT_REQUIRED_CLEAR_ADULT","ACCEPTABLE","REJECTED","REJECT_DUPLICATE","Same FDA_132 original as wc-152794810","","Metadata-only discovery; no image downloaded. Exact file page returned HTTP 200, displayed the recorded allowed license, showed no detected contradictory rights/deletion warning, and the temporary source image was visually reviewed. Temporary review copy was removed after adjudication. Fish is clear and visually consistent with the frozen identity.","","",""
"wc-25501633","APPROVED","2026-08-14","Codex metadata discovery","POSITIVE","Alectis ciliaris","5SkWhUQgG6JuanpfSLUT","","TIER_2","YES","Wikimedia Commons","25501633","https://commons.wikimedia.org/wiki/?curid=25501633","https://upload.wikimedia.org/wikipedia/commons/8/89/Sealife%2C_Bray%2C_Ireland._%287131961307%29.jpg?utm_source=commons.wikimedia.org&utm_campaign=imageinfo&utm_content=original","YES","Miguel Mendez from Malahide, Ireland","Miguel Mendez from Malahide, Ireland","CC BY 2.0","","https://creativecommons.org/licenses/by/2.0","https://commons.wikimedia.org/wiki/?curid=25501633","YES","YES","YES","YES","Sealife, Bray, Ireland.","YES","","","APPROVED","Codex item-level rights review","2026-08-14","Commons metadata/category claims Alectis ciliaris; visual review not performed","YES","NO","YES","CLEAR_OR_REVIEWED","YES","YES","APPROVED","Codex initial visual label review","","CONDITIONAL","NOT_REQUIRED_CLEAR_ADULT","ACCEPTABLE","APPROVED_FOR_ACQUISITION","","","","Metadata-only discovery; no image downloaded. Exact file page returned HTTP 200, displayed the recorded allowed license, showed no detected contradictory rights/deletion warning, and the temporary source image was visually reviewed. Temporary review copy was removed after adjudication. Fish is clear and visually consistent with the frozen identity. Independently approved for controlled acquisition by Edgar Rivera on 2026-08-14.","Edgar Rivera","APPROVED","2026-08-14"
"wc-27506487","LABEL_REVIEW","2026-08-14","Codex metadata discovery","POSITIVE","Alectis ciliaris","5SkWhUQgG6JuanpfSLUT","","TIER_2","YES","Wikimedia Commons","27506487","https://commons.wikimedia.org/wiki/?curid=27506487","https://upload.wikimedia.org/wikipedia/commons/a/a0/Alectis_ciliaris_-_pone.0010676.g076.png?utm_source=commons.wikimedia.org&utm_campaign=imageinfo&utm_content=original","YES","Williams, J. T.; Carpenter, K. E.; Van Tassell, J. L.; Hoetjes, P.; Toller, W.; Etnoyer, P.; Smith, M.","Williams, J. T.; Carpenter, K. E.; Van Tassell, J. L.; Hoetjes, P.; Toller, W.; Etnoyer, P.; Smith, M.","CC BY 2.5","","https://creativecommons.org/licenses/by/2.5","https://commons.wikimedia.org/wiki/?curid=27506487","YES","YES","YES","YES","Williams, J. T.; Carpenter, K. E.; Van Tassell, J. L.; Hoetjes, P.; Toller, W.; Etnoyer, P.; Smith, M. (2010). "" Biodiversity Assessment of the Fishes of Saba Bank Atoll, Netherlands Antilles "". PLoS ONE 5 (5): e10676. DOI : 10.1371/journal.pone.0010676 . PMID 20505760 . PMC : 2873961 .","YES","","","APPROVED","Codex item-level rights review","2026-08-14","Commons metadata/category claims Alectis ciliaris; visual review not performed","YES","NO","NO","CLEAR_OR_REVIEWED","YES","YES","PENDING","Codex initial visual label review","","CONDITIONAL","PENDING","ACCEPTABLE","PENDING","","","","Metadata-only discovery; no image downloaded. Exact file page returned HTTP 200, displayed the recorded allowed license, showed no detected contradictory rights/deletion warning, and the temporary source image was visually reviewed. Temporary review copy was removed after adjudication. Juvenile morphology requires enhanced Alectis review.","","",""
"wc-49117828","LABEL_REVIEW","2026-08-14","Codex narrow Alectis discovery","POSITIVE","Alectis ciliaris","5SkWhUQgG6JuanpfSLUT","","TIER_2","YES","Wikimedia Commons","49117828","https://commons.wikimedia.org/wiki/?curid=49117828","https://upload.wikimedia.org/wikipedia/commons/9/9d/Mystery_Bay%2C_Eurobodalla_National_Park%2C_New_South_Wales%2C_Australia_37.jpg?utm_source=commons.wikimedia.org&utm_campaign=imageinfo&utm_content=original","YES","Dhx1","Dhx1","CC0","1.0","https://creativecommons.org/publicdomain/zero/1.0/","https://commons.wikimedia.org/wiki/?curid=49117828","YES","YES","YES","NO","","YES","","","APPROVED","Codex item-level rights review","2026-08-14","Exact Commons item and visual review show juvenile Alectis consistent with A. ciliaris; enhanced juvenile review still required","YES","NO","NO","CLEAR_OR_REVIEWED","YES","YES","PENDING","Codex initial visual label review","","CONDITIONAL","PENDING","ACCEPTABLE","PENDING","","","","Narrow Alectis discovery. Juvenile underwater full-fish view. Same Mystery Bay capture sequence/source family as Commons 49117828/49117829/49117830; treat all three as one controlling group. Temporary review copy not retained. Exact file page returned HTTP 200, displayed the recorded allowed license, showed no detected contradictory rights/deletion warning, and the temporary source image was visually reviewed. Temporary review copy was removed after adjudication. Juvenile morphology requires enhanced Alectis review. Same Mystery Bay juvenile session; one controlling group.","","",""
"wc-49117829","LABEL_REVIEW","2026-08-14","Codex narrow Alectis discovery","POSITIVE","Alectis ciliaris","5SkWhUQgG6JuanpfSLUT","","TIER_2","YES","Wikimedia Commons","49117829","https://commons.wikimedia.org/wiki/?curid=49117829","https://upload.wikimedia.org/wikipedia/commons/e/ea/Mystery_Bay%2C_Eurobodalla_National_Park%2C_New_South_Wales%2C_Australia_39.jpg?utm_source=commons.wikimedia.org&utm_campaign=imageinfo&utm_content=original","YES","Dhx1","Dhx1","CC0","1.0","https://creativecommons.org/publicdomain/zero/1.0/","https://commons.wikimedia.org/wiki/?curid=49117829","YES","YES","YES","NO","","YES","","","APPROVED","Codex item-level rights review","2026-08-14","Exact Commons item and visual review show juvenile Alectis consistent with A. ciliaris; enhanced juvenile review still required","YES","NO","NO","CLEAR_OR_REVIEWED","YES","YES","PENDING","Codex initial visual label review","","CONDITIONAL","PENDING","ACCEPTABLE","PENDING","","","","Narrow Alectis discovery. Juvenile underwater full-fish view. Same Mystery Bay capture sequence/source family as Commons 49117828/49117829/49117830; treat all three as one controlling group. Temporary review copy not retained. Exact file page returned HTTP 200, displayed the recorded allowed license, showed no detected contradictory rights/deletion warning, and the temporary source image was visually reviewed. Temporary review copy was removed after adjudication. Juvenile morphology requires enhanced Alectis review. Same Mystery Bay juvenile session; one controlling group.","","",""
"wc-49117830","LABEL_REVIEW","2026-08-14","Codex narrow Alectis discovery","POSITIVE","Alectis ciliaris","5SkWhUQgG6JuanpfSLUT","","TIER_2","YES","Wikimedia Commons","49117830","https://commons.wikimedia.org/wiki/?curid=49117830","https://upload.wikimedia.org/wikipedia/commons/d/d1/Mystery_Bay%2C_Eurobodalla_National_Park%2C_New_South_Wales%2C_Australia_38.jpg?utm_source=commons.wikimedia.org&utm_campaign=imageinfo&utm_content=original","YES","Dhx1","Dhx1","CC0","1.0","https://creativecommons.org/publicdomain/zero/1.0/","https://commons.wikimedia.org/wiki/?curid=49117830","YES","YES","YES","NO","","YES","","","APPROVED","Codex item-level rights review","2026-08-14","Exact Commons item and visual review show juvenile Alectis consistent with A. ciliaris; enhanced juvenile review still required","YES","NO","NO","CLEAR_OR_REVIEWED","YES","YES","PENDING","Codex initial visual label review","","CONDITIONAL","PENDING","ACCEPTABLE","PENDING","","","","Narrow Alectis discovery. Juvenile underwater full-fish view. Same Mystery Bay capture sequence/source family as Commons 49117828/49117829/49117830; treat all three as one controlling group. Temporary review copy not retained. Exact file page returned HTTP 200, displayed the recorded allowed license, showed no detected contradictory rights/deletion warning, and the temporary source image was visually reviewed. Temporary review copy was removed after adjudication. Juvenile morphology requires enhanced Alectis review. Same Mystery Bay juvenile session; one controlling group.","","",""
"noaa-mahi-adult-slick","REJECTED","2026-08-14","Codex metadata discovery","POSITIVE","Coryphaena hippurus","AYGYpLjkS9LEv7AXVAuk","","TIER_1","PENDING","NOAA","noaa-mahi-adult-slick","https://www.fisheries.noaa.gov/index.php/gallery/slick-nurseries-storymap-images","","YES","Blue Planet Archive / Masa Ushioda","Blue Planet Archive / Masa Ushioda","Copyrighted; no reusable license established","","","https://www.fisheries.noaa.gov/index.php/gallery/slick-nurseries-storymap-images","NO","NO","NO","PENDING","","YES","Third-party copyrighted photograph","","REJECTED","Codex item-level rights review","2026-08-14","NOAA page claims Coryphaena hippurus; visual review not performed","YES","NO","NO","PENDING","PENDING","PENDING","PENDING","","","NO","NOT_REQUIRED","PENDING","REJECTED","REJECT_RIGHTS","Adult photo is credited © Blue Planet Archive/Masa Ushioda without a reusable license","","Metadata-only discovery from official NOAA page; no image downloaded. Exact item rights and label require review.","","",""
"noaa-mahi-species","RIGHTS_REVIEW","2026-08-14","Codex metadata discovery","POSITIVE","Coryphaena hippurus","AYGYpLjkS9LEv7AXVAuk","","TIER_1","PENDING","NOAA","noaa-mahi-species","https://www.fisheries.noaa.gov/species/atlantic-mahi-mahi","","UNKNOWN","NOAA Fisheries (asset not uniquely identified)","","Federal work claim pending asset disambiguation","","","https://www.fisheries.noaa.gov/species/atlantic-mahi-mahi and NOAA Fisheries copyright policy","PENDING","PENDING","PENDING","PENDING","","NO","Page contains multiple NOAA and third-party assets; candidate lacks a stable media identifier","","PENDING","Codex item-level rights review","2026-08-14","NOAA page claims Coryphaena hippurus; visual review not performed","YES","NO","NO","PENDING","PENDING","PENDING","PENDING","","","NO","NOT_REQUIRED","PENDING","PENDING","","","","Metadata-only discovery from official NOAA page; no image downloaded. Exact item rights and label require review. A unique NOAA-credited photographic asset must be selected before approval.","","",""
"wc-10058528","APPROVED","2026-08-14","Codex metadata discovery","POSITIVE","Coryphaena hippurus","AYGYpLjkS9LEv7AXVAuk","","TIER_2","YES","Wikimedia Commons","10058528","https://commons.wikimedia.org/wiki/?curid=10058528","https://upload.wikimedia.org/wikipedia/commons/b/b3/Dolphinfish_%28Coryphaena_hippurus%29.jpg?utm_source=commons.wikimedia.org&utm_campaign=imageinfo&utm_content=original","YES","Brandi Noble","Brandi Noble","Public domain","","","https://commons.wikimedia.org/wiki/?curid=10058528","YES","YES","YES","NO","http://www.photolib.noaa.gov/htmls/fish4173.htm","YES","","","APPROVED","Codex item-level rights review","2026-08-14","Commons metadata/category claims Coryphaena hippurus; visual review not performed","YES","NO","YES","CLEAR_OR_REVIEWED","YES","YES","APPROVED","Codex initial visual label review","","NO","NOT_REQUIRED","ACCEPTABLE","APPROVED_FOR_ACQUISITION","","","","Metadata-only discovery; no image downloaded. Exact file page returned HTTP 200, displayed the recorded allowed license, showed no detected contradictory rights/deletion warning, and the temporary source image was visually reviewed. Temporary review copy was removed after adjudication. Fish is clear and visually consistent with the frozen identity. Independently approved for controlled acquisition by Edgar Rivera on 2026-08-14.","Edgar Rivera","APPROVED","2026-08-14"
"wc-152817751","APPROVED","2026-08-14","Codex metadata discovery","POSITIVE","Coryphaena hippurus","AYGYpLjkS9LEv7AXVAuk","","TIER_2","YES","Wikimedia Commons","152817751","https://commons.wikimedia.org/wiki/?curid=152817751","https://upload.wikimedia.org/wikipedia/commons/f/fb/Coryphaena_hippurus_%28FDA_210%29.jpg?utm_source=commons.wikimedia.org&utm_campaign=imageinfo&utm_content=original","YES","The U.S. Food and Drug Administration","The U.S. Food and Drug Administration","Public domain","","","https://commons.wikimedia.org/wiki/?curid=152817751","YES","YES","YES","NO","https://www.flickr.com/photos/fdaphotos/51699126197/","YES","","","APPROVED","Codex item-level rights review","2026-08-14","Commons metadata/category claims Coryphaena hippurus; visual review not performed","YES","NO","YES","CLEAR_OR_REVIEWED","YES","YES","APPROVED","Codex initial visual label review","","NO","NOT_REQUIRED","ACCEPTABLE","APPROVED_FOR_ACQUISITION","","","","Metadata-only discovery; no image downloaded. Exact file page returned HTTP 200, displayed the recorded allowed license, showed no detected contradictory rights/deletion warning, and the temporary source image was visually reviewed. Temporary review copy was removed after adjudication. Fish is clear and visually consistent with the frozen identity. Independently approved for controlled acquisition by Edgar Rivera on 2026-08-14.","Edgar Rivera","APPROVED","2026-08-14"
"wc-159207737","LABEL_REVIEW","2026-08-14","Codex metadata discovery","POSITIVE","Coryphaena hippurus","AYGYpLjkS9LEv7AXVAuk","","TIER_2","YES","Wikimedia Commons","159207737","https://commons.wikimedia.org/wiki/?curid=159207737","https://upload.wikimedia.org/wikipedia/commons/0/0c/Coryph%C3%A8ne_commune_%28Coryphaena_hippurus%29_%28Ifremer_00763-87546%29.jpg?utm_source=commons.wikimedia.org&utm_campaign=imageinfo&utm_content=original","YES","Hugues Evano (IFREMER, Délégation océan Indien (DOI), Département Ressources Biologiques et Environnement (RBE), F-97420 Le Port, France)","Hugues Evano (IFREMER, Délégation océan Indien (DOI), Département Ressources Biologiques et Environnement (RBE), F-97420 Le Port, France)","CC BY 4.0","","https://creativecommons.org/licenses/by/4.0","https://commons.wikimedia.org/wiki/?curid=159207737","YES","YES","YES","YES","Coryphène commune (Coryphaena hippurus)","YES","","","APPROVED","Codex item-level rights review","2026-08-14","Commons metadata/category claims Coryphaena hippurus; visual review not performed","YES","NO","YES","CLEAR_OR_REVIEWED","YES","YES","APPROVED","Codex initial visual label review","","NO","NOT_REQUIRED","ACCEPTABLE","PENDING","","","","Metadata-only discovery; no image downloaded. Exact file page returned HTTP 200, displayed the recorded allowed license, showed no detected contradictory rights/deletion warning, and the temporary source image was visually reviewed. Temporary review copy was removed after adjudication. Fish is clear and visually consistent with the frozen identity.","","",""
"wc-165855570","LABEL_REVIEW","2026-08-14","Codex metadata discovery","POSITIVE","Coryphaena hippurus","AYGYpLjkS9LEv7AXVAuk","","TIER_2","YES","Wikimedia Commons","165855570","https://commons.wikimedia.org/wiki/?curid=165855570","https://upload.wikimedia.org/wikipedia/commons/1/17/Mahi_Mahi_p%C3%AAch%C3%A9_au_Mexique_%C3%A0_Akumal.jpg?utm_source=commons.wikimedia.org&utm_campaign=imageinfo&utm_content=original","YES","Minilanie","Minilanie","CC BY 4.0","","https://creativecommons.org/licenses/by/4.0","https://commons.wikimedia.org/wiki/?curid=165855570","YES","YES","YES","YES","Own work","YES","","","APPROVED","Codex item-level rights review","2026-08-14","Commons metadata/category claims Coryphaena hippurus; visual review not performed","YES","NO","YES","CLEAR_OR_REVIEWED","YES","YES","APPROVED","Codex initial visual label review","","NO","NOT_REQUIRED","ACCEPTABLE","PENDING","","","","Metadata-only discovery; no image downloaded. Suspected same-source/session variant; group during adjudication. Exact file page returned HTTP 200, displayed the recorded allowed license, showed no detected contradictory rights/deletion warning, and the temporary source image was visually reviewed. Temporary review copy was removed after adjudication. Fish is clear and visually consistent with the frozen identity. Same Akumal catch/session; one controlling group.","","",""
"wc-165855571","LABEL_REVIEW","2026-08-14","Codex metadata discovery","POSITIVE","Coryphaena hippurus","AYGYpLjkS9LEv7AXVAuk","","TIER_2","YES","Wikimedia Commons","165855571","https://commons.wikimedia.org/wiki/?curid=165855571","https://upload.wikimedia.org/wikipedia/commons/8/8d/Mahi_mahi_p%C3%AAch%C3%A9_a_Akumal%2C_Mexique.jpg?utm_source=commons.wikimedia.org&utm_campaign=imageinfo&utm_content=original","YES","Minilanie","Minilanie","CC BY 4.0","","https://creativecommons.org/licenses/by/4.0","https://commons.wikimedia.org/wiki/?curid=165855571","YES","YES","YES","YES","Own work","YES","","","APPROVED","Codex item-level rights review","2026-08-14","Commons metadata/category claims Coryphaena hippurus; visual review not performed","YES","NO","YES","CLEAR_OR_REVIEWED","YES","YES","APPROVED","Codex initial visual label review","","NO","NOT_REQUIRED","ACCEPTABLE","PENDING","","","","Metadata-only discovery; no image downloaded. Suspected same-source/session variant; group during adjudication. Exact file page returned HTTP 200, displayed the recorded allowed license, showed no detected contradictory rights/deletion warning, and the temporary source image was visually reviewed. Temporary review copy was removed after adjudication. Fish is clear and visually consistent with the frozen identity. Same Akumal catch/session; one controlling group.","","",""
"wc-1734232","APPROVED","2026-08-14","Codex metadata discovery","POSITIVE","Coryphaena hippurus","AYGYpLjkS9LEv7AXVAuk","","TIER_2","YES","Wikimedia Commons","1734232","https://commons.wikimedia.org/wiki/?curid=1734232","https://upload.wikimedia.org/wikipedia/commons/c/cf/MahiMahi-bull.jpg?utm_source=commons.wikimedia.org&utm_campaign=imageinfo&utm_content=original","YES","Jeff Weiss","Jeff Weiss","Public domain","","","https://commons.wikimedia.org/wiki/?curid=1734232","YES","YES","YES","NO","Own work","YES","","","APPROVED","Codex item-level rights review","2026-08-14","Commons metadata/category claims Coryphaena hippurus; visual review not performed","YES","NO","YES","CLEAR_OR_REVIEWED","YES","YES","APPROVED","Codex initial visual label review","","NO","NOT_REQUIRED","ACCEPTABLE","APPROVED_FOR_ACQUISITION","","","","Metadata-only discovery; no image downloaded. Exact file page returned HTTP 200, displayed the recorded allowed license, showed no detected contradictory rights/deletion warning, and the temporary source image was visually reviewed. Temporary review copy was removed after adjudication. Fish is clear and visually consistent with the frozen identity. Independently approved for controlled acquisition by Edgar Rivera on 2026-08-14.","Edgar Rivera","APPROVED","2026-08-14"
"wc-23685591","LABEL_REVIEW","2026-08-14","Codex metadata discovery","POSITIVE","Coryphaena hippurus","AYGYpLjkS9LEv7AXVAuk","","TIER_2","YES","Wikimedia Commons","23685591","https://commons.wikimedia.org/wiki/?curid=23685591","https://upload.wikimedia.org/wikipedia/commons/5/54/Bullmahiincoming2.jpg?utm_source=commons.wikimedia.org&utm_campaign=imageinfo&utm_content=original","YES","(WT-en) Capnbilly at English Wikivoyage","(WT-en) Capnbilly at English Wikivoyage","Public domain","","","https://commons.wikimedia.org/wiki/?curid=23685591","YES","YES","YES","NO","Own work","YES","","","APPROVED","Codex item-level rights review","2026-08-14","Commons metadata/category claims Coryphaena hippurus; visual review not performed","YES","NO","YES","CLEAR_OR_REVIEWED","YES","YES","APPROVED","Codex initial visual label review","","NO","NOT_REQUIRED","ACCEPTABLE","PENDING","","","","Metadata-only discovery; no image downloaded. Exact file page returned HTTP 200, displayed the recorded allowed license, showed no detected contradictory rights/deletion warning, and the temporary source image was visually reviewed. Temporary review copy was removed after adjudication. Fish is clear and visually consistent with the frozen identity.","","",""
"wc-31750391","REJECTED","2026-08-14","Codex metadata discovery","POSITIVE","Coryphaena hippurus","AYGYpLjkS9LEv7AXVAuk","","TIER_2","YES","Wikimedia Commons","31750391","https://commons.wikimedia.org/wiki/?curid=31750391","https://upload.wikimedia.org/wikipedia/commons/f/f3/Coryphaena_hippurus_-_National_Museum_of_Nature_and_Science%2C_Tokyo_-_DSC06879.JPG?utm_source=commons.wikimedia.org&utm_campaign=imageinfo&utm_content=original","YES","Daderot","Daderot","CC0","","http://creativecommons.org/publicdomain/zero/1.0/deed.en","https://commons.wikimedia.org/wiki/?curid=31750391","YES","YES","YES","NO","Own work","YES","","","APPROVED","Codex item-level rights review","2026-08-14","Commons metadata/category claims Coryphaena hippurus; visual review not performed","YES","NO","NO","CLEAR_OR_REVIEWED","YES","YES","REJECTED","Codex initial visual label review","","NO","NOT_REQUIRED","REJECTED","REJECTED","REJECT_QUALITY","Taxidermy/museum display is outside pilot photo policy","","Metadata-only discovery; no image downloaded. Exact file page returned HTTP 200, displayed the recorded allowed license, showed no detected contradictory rights/deletion warning, and the temporary source image was visually reviewed. Temporary review copy was removed after adjudication. Museum/taxidermy display is not representative photographic training material.","","",""
"wc-33573857","APPROVED","2026-08-14","Codex metadata discovery","POSITIVE","Coryphaena hippurus","AYGYpLjkS9LEv7AXVAuk","","TIER_2","YES","Wikimedia Commons","33573857","https://commons.wikimedia.org/wiki/?curid=33573857","https://upload.wikimedia.org/wikipedia/commons/e/ea/Speafishing2.jpg?utm_source=commons.wikimedia.org&utm_campaign=imageinfo&utm_content=original","YES","king damus","king damus","CC BY 2.0","","https://creativecommons.org/licenses/by/2.0","https://commons.wikimedia.org/wiki/?curid=33573857","YES","YES","YES","YES","https://www.flickr.com/photos/kingdamus/3794571112","YES","","","APPROVED","Codex item-level rights review","2026-08-14","Commons metadata/category claims Coryphaena hippurus; visual review not performed","YES","NO","YES","CLEAR_OR_REVIEWED","YES","YES","APPROVED","Codex initial visual label review","","NO","NOT_REQUIRED","ACCEPTABLE","APPROVED_FOR_ACQUISITION","","","","Metadata-only discovery; no image downloaded. Exact file page returned HTTP 200, displayed the recorded allowed license, showed no detected contradictory rights/deletion warning, and the temporary source image was visually reviewed. Temporary review copy was removed after adjudication. Fish is clear and visually consistent with the frozen identity. Independently approved for controlled acquisition by Edgar Rivera on 2026-08-14.","Edgar Rivera","APPROVED","2026-08-14"
"wc-5103916","LABEL_REVIEW","2026-08-14","Codex metadata discovery","POSITIVE","Coryphaena hippurus","AYGYpLjkS9LEv7AXVAuk","","TIER_2","YES","Wikimedia Commons","5103916","https://commons.wikimedia.org/wiki/?curid=5103916","https://upload.wikimedia.org/wikipedia/commons/3/3f/MahiMahi.jpg?utm_source=commons.wikimedia.org&utm_campaign=imageinfo&utm_content=original","YES","Pjmannarino at English Wikipedia","Pjmannarino at English Wikipedia","Public domain","","","https://commons.wikimedia.org/wiki/?curid=5103916","YES","YES","YES","NO","Transferred from en.wikipedia to Commons by lilyu .","YES","","","APPROVED","Codex item-level rights review","2026-08-14","Commons metadata/category claims Coryphaena hippurus; visual review not performed","YES","NO","YES","CLEAR_OR_REVIEWED","YES","YES","APPROVED","Codex initial visual label review","","NO","NOT_REQUIRED","ACCEPTABLE","PENDING","","","","Metadata-only discovery; no image downloaded. Exact file page returned HTTP 200, displayed the recorded allowed license, showed no detected contradictory rights/deletion warning, and the temporary source image was visually reviewed. Temporary review copy was removed after adjudication. Fish is clear and visually consistent with the frozen identity.","","",""
"wc-74503850","LABEL_REVIEW","2026-08-14","Codex metadata discovery","POSITIVE","Coryphaena hippurus","AYGYpLjkS9LEv7AXVAuk","","TIER_2","YES","Wikimedia Commons","74503850","https://commons.wikimedia.org/wiki/?curid=74503850","https://upload.wikimedia.org/wikipedia/commons/1/19/Dorado_Golden_Fish_%28121911221%29.jpeg?utm_source=commons.wikimedia.org&utm_campaign=imageinfo&utm_content=original","YES","Zornitsa Yordanova","Zornitsa Yordanova","CC BY 3.0","","https://creativecommons.org/licenses/by/3.0","https://commons.wikimedia.org/wiki/?curid=74503850","YES","YES","YES","YES","Imported from 500px ( archived version ) by the Archive Team . ( detail page )","YES","","","APPROVED","Codex item-level rights review","2026-08-14","Commons metadata/category claims Coryphaena hippurus; visual review not performed","YES","NO","YES","CLEAR_OR_REVIEWED","YES","YES","APPROVED","Codex initial visual label review","","NO","NOT_REQUIRED","ACCEPTABLE","PENDING","","","","Metadata-only discovery; no image downloaded. Exact file page returned HTTP 200, displayed the recorded allowed license, showed no detected contradictory rights/deletion warning, and the temporary source image was visually reviewed. Temporary review copy was removed after adjudication. Fish is clear and visually consistent with the frozen identity.","","",""
"wc-92968530","APPROVED","2026-08-14","Codex metadata discovery","POSITIVE","Coryphaena hippurus","AYGYpLjkS9LEv7AXVAuk","","TIER_2","YES","Wikimedia Commons","92968530","https://commons.wikimedia.org/wiki/?curid=92968530","https://upload.wikimedia.org/wikipedia/commons/8/87/Lampuga.jpg?utm_source=commons.wikimedia.org&utm_campaign=imageinfo&utm_content=original","YES","Paolo Cavallari","Paolo Cavallari","CC BY 3.0","","https://creativecommons.org/licenses/by/3.0","https://commons.wikimedia.org/wiki/?curid=92968530","YES","YES","YES","YES","Own work","YES","","","APPROVED","Codex item-level rights review","2026-08-14","Commons metadata/category claims Coryphaena hippurus; visual review not performed","YES","NO","YES","CLEAR_OR_REVIEWED","YES","YES","APPROVED","Codex initial visual label review","","NO","NOT_REQUIRED","ACCEPTABLE","APPROVED_FOR_ACQUISITION","","","","Metadata-only discovery; no image downloaded. Exact file page returned HTTP 200, displayed the recorded allowed license, showed no detected contradictory rights/deletion warning, and the temporary source image was visually reviewed. Temporary review copy was removed after adjudication. Fish is clear and visually consistent with the frozen identity. Independently approved for controlled acquisition by Edgar Rivera on 2026-08-14.","Edgar Rivera","APPROVED","2026-08-14"
"noaa-king-mackerel-graysreef","LABEL_REVIEW","2026-08-14","Codex metadata discovery","POSITIVE","Scomberomorus cavalla","V39KoLAZkg0MBjiWaa46","","TIER_1","YES","NOAA","noaa-king-mackerel-graysreef","https://graysreef.noaa.gov/education/creature-feature.html","","YES","NOAA","NOAA","U.S. federal public domain","","","https://graysreef.noaa.gov/education/creature-feature.html (Photo: NOAA) and NOAA Fisheries copyright policy","YES","YES","YES","REQUESTED","Courtesy: NOAA","YES","","","APPROVED","Codex item-level rights review","2026-08-14","NOAA page claims Scomberomorus cavalla; visual review not performed","YES","NO","NO","PENDING","PENDING","PENDING","PENDING","","","YES","PENDING","PENDING","PENDING","","","","Metadata-only discovery from official NOAA page; no image downloaded. Exact item rights and label require review. HIGH-confusion second independent label review remains required.","","",""
"wc-152769457","LABEL_REVIEW","2026-08-14","Codex metadata discovery","POSITIVE","Scomberomorus cavalla","V39KoLAZkg0MBjiWaa46","","TIER_2","YES","Wikimedia Commons","152769457","https://commons.wikimedia.org/wiki/?curid=152769457","https://upload.wikimedia.org/wikipedia/commons/a/ab/Scomberomorus_cavalla_%28FDA_080%29.jpg?utm_source=commons.wikimedia.org&utm_campaign=imageinfo&utm_content=original","YES","The U.S. Food and Drug Administration","The U.S. Food and Drug Administration","Public domain","","","https://commons.wikimedia.org/wiki/?curid=152769457","YES","YES","YES","NO","https://www.flickr.com/photos/fdaphotos/51700201548/","YES","","","APPROVED","Codex item-level rights review","2026-08-14","Commons metadata/category claims Scomberomorus cavalla; visual review not performed","YES","NO","NO","CLEAR_OR_REVIEWED","YES","YES","PENDING","Codex initial visual label review","","YES","PENDING","ACCEPTABLE","PENDING","","","","Metadata-only discovery; no image downloaded. Exact file page returned HTTP 200, displayed the recorded allowed license, showed no detected contradictory rights/deletion warning, and the temporary source image was visually reviewed. Temporary review copy was removed after adjudication. HIGH-confusion second independent label review remains required.","","",""
"wc-16466351","LABEL_REVIEW","2026-08-14","Codex metadata discovery","POSITIVE","Scomberomorus cavalla","V39KoLAZkg0MBjiWaa46","","TIER_2","YES","Wikimedia Commons","16466351","https://commons.wikimedia.org/wiki/?curid=16466351","https://upload.wikimedia.org/wikipedia/commons/f/fb/Kingfish.PNG?utm_source=commons.wikimedia.org&utm_campaign=imageinfo&utm_content=original","YES","NOAA","NOAA","Public domain","","","https://commons.wikimedia.org/wiki/?curid=16466351","YES","YES","YES","NO","http://www.nmfs.noaa.gov/fishwatch/species/king_mack.htm Transferred from en.wikipedia to Commons by User:Quadell using CommonsHelper .","YES","","","APPROVED","Codex item-level rights review","2026-08-14","Commons metadata/category claims Scomberomorus cavalla; visual review not performed","YES","NO","NO","CLEAR_OR_REVIEWED","YES","YES","PENDING","Codex initial visual label review","","YES","PENDING","ACCEPTABLE","PENDING","","","","Metadata-only discovery; no image downloaded. Suspected same-source/session variant; group during adjudication. Exact file page returned HTTP 200, displayed the recorded allowed license, showed no detected contradictory rights/deletion warning, and the temporary source image was visually reviewed. Temporary review copy was removed after adjudication. HIGH-confusion second independent label review remains required.","","",""
"wc-17940353","LABEL_REVIEW","2026-08-14","Codex metadata discovery","POSITIVE","Scomberomorus cavalla","V39KoLAZkg0MBjiWaa46","","TIER_2","YES","Wikimedia Commons","17940353","https://commons.wikimedia.org/wiki/?curid=17940353","https://upload.wikimedia.org/wikipedia/commons/b/b2/Fish4434_-_Flickr_-_NOAA_Photo_Library.jpg?utm_source=commons.wikimedia.org&utm_campaign=imageinfo&utm_content=original","YES","SEFSC Pascagoula Laboratory; Collection of Brandi Noble, NOAA/NMFS/SEFSC.","SEFSC Pascagoula Laboratory; Collection of Brandi Noble, NOAA/NMFS/SEFSC.","Public domain","","","https://commons.wikimedia.org/wiki/?curid=17940353","YES","YES","YES","NO","NOAA Photo Library : fish4434","YES","","","APPROVED","Codex item-level rights review","2026-08-14","Commons metadata/category claims Scomberomorus cavalla; visual review not performed","YES","NO","NO","CLEAR_OR_REVIEWED","YES","YES","PENDING","Codex initial visual label review","","YES","PENDING","ACCEPTABLE","PENDING","","","","Metadata-only discovery; no image downloaded. Suspected same-source/session variant; group during adjudication. Exact file page returned HTTP 200, displayed the recorded allowed license, showed no detected contradictory rights/deletion warning, and the temporary source image was visually reviewed. Temporary review copy was removed after adjudication. HIGH-confusion second independent label review remains required.","","",""
"wc-7011418","LABEL_REVIEW","2026-08-14","Codex metadata discovery","POSITIVE","Scomberomorus cavalla","V39KoLAZkg0MBjiWaa46","","TIER_2","YES","Wikimedia Commons","7011418","https://commons.wikimedia.org/wiki/?curid=7011418","https://upload.wikimedia.org/wikipedia/commons/c/c1/King-mackerel.jpg?utm_source=commons.wikimedia.org&utm_campaign=imageinfo&utm_content=original","YES","ScubaBear68","ScubaBear68","CC BY 2.0","","https://creativecommons.org/licenses/by/2.0","https://commons.wikimedia.org/wiki/?curid=7011418","YES","YES","YES","YES","https://www.flickr.com/photos/22310955@N02/2546387108/sizes/o/","YES","","","APPROVED","Codex item-level rights review","2026-08-14","Commons metadata/category claims Scomberomorus cavalla; visual review not performed","YES","NO","NO","CLEAR_OR_REVIEWED","YES","YES","PENDING","Codex initial visual label review","","YES","PENDING","ACCEPTABLE","PENDING","","","","Metadata-only discovery; no image downloaded. Exact file page returned HTTP 200, displayed the recorded allowed license, showed no detected contradictory rights/deletion warning, and the temporary source image was visually reviewed. Temporary review copy was removed after adjudication. HIGH-confusion second independent label review remains required.","","",""
"wc-7031811","REJECTED","2026-08-14","Codex metadata discovery","POSITIVE","Scomberomorus cavalla","V39KoLAZkg0MBjiWaa46","","TIER_2","YES","Wikimedia Commons","7031811","https://commons.wikimedia.org/wiki/?curid=7031811","https://upload.wikimedia.org/wikipedia/commons/b/b5/King_mack_photo2_exp.jpg?utm_source=commons.wikimedia.org&utm_campaign=imageinfo&utm_content=original","YES","NOAA","NOAA","Public domain","","","https://commons.wikimedia.org/wiki/?curid=7031811","YES","YES","YES","NO","http://www.nmfs.noaa.gov/fishwatch/species/king_mack.htm","YES","","","APPROVED","Codex item-level rights review","2026-08-14","Commons metadata/category claims Scomberomorus cavalla; visual review not performed","YES","NO","NO","CLEAR_OR_REVIEWED","YES","YES","REJECTED","Codex initial visual label review","","YES","PENDING","REJECTED","REJECTED","REJECT_QUALITY","Target fish is too small/partial for reliable labeling","","Metadata-only discovery; no image downloaded. Exact file page returned HTTP 200, displayed the recorded allowed license, showed no detected contradictory rights/deletion warning, and the temporary source image was visually reviewed. Temporary review copy was removed after adjudication. Target fish is too small/partial for reliable species labeling.","","",""
"wc-7031830","REJECTED","2026-08-14","Codex metadata discovery","POSITIVE","Scomberomorus cavalla","V39KoLAZkg0MBjiWaa46","","TIER_2","YES","Wikimedia Commons","7031830","https://commons.wikimedia.org/wiki/?curid=7031830","https://upload.wikimedia.org/wikipedia/commons/a/a3/King_mack_photo3_exp.jpg?utm_source=commons.wikimedia.org&utm_campaign=imageinfo&utm_content=original","YES","NOAA","NOAA","Public domain","","","https://commons.wikimedia.org/wiki/?curid=7031830","YES","YES","YES","NO","http://www.nmfs.noaa.gov/fishwatch/species/king_mack.htm","YES","","","APPROVED","Codex item-level rights review","2026-08-14","Commons metadata/category claims Scomberomorus cavalla; visual review not performed","YES","NO","NO","CLEAR_OR_REVIEWED","YES","YES","PENDING","Codex initial visual label review","","YES","PENDING","ACCEPTABLE","REJECTED","REJECT_DUPLICATE","Same source image as wc-16466351","","Metadata-only discovery; no image downloaded. Suspected same-source/session variant; group during adjudication. Exact file page returned HTTP 200, displayed the recorded allowed license, showed no detected contradictory rights/deletion warning, and the temporary source image was visually reviewed. Temporary review copy was removed after adjudication. HIGH-confusion second independent label review remains required.","","",""
"wc-7031857","REJECTED","2026-08-14","Codex metadata discovery","POSITIVE","Scomberomorus cavalla","V39KoLAZkg0MBjiWaa46","","TIER_2","YES","Wikimedia Commons","7031857","https://commons.wikimedia.org/wiki/?curid=7031857","https://upload.wikimedia.org/wikipedia/commons/5/50/King_mack_photo4_exp.jpg?utm_source=commons.wikimedia.org&utm_campaign=imageinfo&utm_content=original","YES","NOAA","NOAA","Public domain","","","https://commons.wikimedia.org/wiki/?curid=7031857","YES","YES","YES","NO","http://www.nmfs.noaa.gov/fishwatch/species/king_mack.htm","YES","","","APPROVED","Codex item-level rights review","2026-08-14","Commons metadata/category claims Scomberomorus cavalla; visual review not performed","YES","NO","NO","CLEAR_OR_REVIEWED","YES","YES","REJECTED","Codex initial visual label review","","YES","PENDING","REJECTED","REJECTED","REJECT_QUALITY","Distant school prevents reliable species verification","","Metadata-only discovery; no image downloaded. Exact file page returned HTTP 200, displayed the recorded allowed license, showed no detected contradictory rights/deletion warning, and the temporary source image was visually reviewed. Temporary review copy was removed after adjudication. Distant school does not support individual species verification.","","",""
"wc-7031969","REJECTED","2026-08-14","Codex metadata discovery","POSITIVE","Scomberomorus cavalla","V39KoLAZkg0MBjiWaa46","","TIER_2","YES","Wikimedia Commons","7031969","https://commons.wikimedia.org/wiki/?curid=7031969","https://upload.wikimedia.org/wikipedia/commons/0/01/Spanish_mack_photo4_exp.jpg?utm_source=commons.wikimedia.org&utm_campaign=imageinfo&utm_content=original","YES","NOAA","NOAA","Public domain","","","https://commons.wikimedia.org/wiki/?curid=7031969","YES","YES","YES","NO","http://www.nmfs.noaa.gov/fishwatch/species/spanish_mack.htm","YES","","","APPROVED","Codex item-level rights review","2026-08-14","Commons metadata/category claims Scomberomorus cavalla; visual review not performed","YES","NO","NO","CLEAR_OR_REVIEWED","YES","YES","REJECTED","Codex initial visual label review","","YES","PENDING","REJECTED","REJECTED","REJECT_LABEL","Mixed catch and Spanish-mackerel filename do not establish S. cavalla","","Metadata-only discovery; no image downloaded. Exact file page returned HTTP 200, displayed the recorded allowed license, showed no detected contradictory rights/deletion warning, and the temporary source image was visually reviewed. Temporary review copy was removed after adjudication. Mixed dock catch has no dominant target and the source filename says Spanish mackerel.","","",""
"wc-8017189","REJECTED","2026-08-14","Codex metadata discovery","POSITIVE","Scomberomorus cavalla","V39KoLAZkg0MBjiWaa46","","TIER_2","YES","Wikimedia Commons","8017189","https://commons.wikimedia.org/wiki/?curid=8017189","https://upload.wikimedia.org/wikipedia/commons/8/80/King_mackerel_%28_Scomberomorus_cavalla_%29.jpg?utm_source=commons.wikimedia.org&utm_campaign=imageinfo&utm_content=original","YES","NOAA's Fisheries Collection , SEFSC Pascagoula Laboratory; Collection of Brandi Noble, NOAA/NMFS/SEFSC","NOAA's Fisheries Collection , SEFSC Pascagoula Laboratory; Collection of Brandi Noble, NOAA/NMFS/SEFSC","Public domain","","","https://commons.wikimedia.org/wiki/?curid=8017189","YES","YES","YES","NO","http://www.photolib.noaa.gov/htmls/fish4435.htm","YES","","","APPROVED","Codex item-level rights review","2026-08-14","Commons metadata/category claims Scomberomorus cavalla; visual review not performed","YES","NO","NO","CLEAR_OR_REVIEWED","YES","YES","PENDING","Codex initial visual label review","","YES","PENDING","ACCEPTABLE","REJECTED","REJECT_DUPLICATE","Same source image/fish as wc-17940353","","Metadata-only discovery; no image downloaded. Suspected same-source/session variant; group during adjudication. Exact file page returned HTTP 200, displayed the recorded allowed license, showed no detected contradictory rights/deletion warning, and the temporary source image was visually reviewed. Temporary review copy was removed after adjudication. HIGH-confusion second independent label review remains required.","","",""
"noaa-greater-amberjack-bottom-longline","RIGHTS_REVIEW","2026-08-14","Codex metadata discovery","POSITIVE","Seriola dumerili","u1JpMvcENOy98cd31Za5","","TIER_1","PENDING","NOAA","noaa-greater-amberjack-bottom-longline","https://www.fisheries.noaa.gov/gallery/fish-look-species-caught-bottom-longline-survey","","UNKNOWN","","","Federal work claim pending exact item-credit capture","","","https://www.fisheries.noaa.gov/gallery/fish-look-species-caught-bottom-longline-survey","PENDING","PENDING","PENDING","PENDING","","NO","Rendered gallery truncates the exact amberjack image credit; creator evidence incomplete","","PENDING","Codex item-level rights review","2026-08-14","NOAA page claims Seriola dumerili; visual review not performed","YES","NO","NO","PENDING","PENDING","PENDING","PENDING","","","YES","PENDING","PENDING","PENDING","","","","Metadata-only discovery from official NOAA page; no image downloaded. Exact item rights and label require review. HIGH-confusion second independent label review remains required.","","",""
"wc-107181935","LABEL_REVIEW","2026-08-14","Codex metadata discovery","POSITIVE","Seriola dumerili","u1JpMvcENOy98cd31Za5","","TIER_2","YES","Wikimedia Commons","107181935","https://commons.wikimedia.org/wiki/?curid=107181935","https://upload.wikimedia.org/wikipedia/commons/7/73/Seriola_dumerili_-_Sanc2431.jpg?utm_source=commons.wikimedia.org&utm_campaign=imageinfo&utm_content=original","YES","NOAA Photo Library","NOAA Photo Library","CC BY 2.0","","https://creativecommons.org/licenses/by/2.0","https://commons.wikimedia.org/wiki/?curid=107181935","YES","YES","YES","YES","https://www.flickr.com/photos/noaaphotolib/26150911508/","YES","","","APPROVED","Codex item-level rights review","2026-08-14","Commons metadata/category claims Seriola dumerili; visual review not performed","YES","NO","NO","CLEAR_OR_REVIEWED","YES","YES","PENDING","Codex initial visual label review","","YES","PENDING","ACCEPTABLE","PENDING","","","","Metadata-only discovery; no image downloaded. Exact file page returned HTTP 200, displayed the recorded allowed license, showed no detected contradictory rights/deletion warning, and the temporary source image was visually reviewed. Temporary review copy was removed after adjudication. HIGH-confusion second independent label review remains required.","","",""
"wc-107476832","LABEL_REVIEW","2026-08-14","Codex metadata discovery","POSITIVE","Seriola dumerili","u1JpMvcENOy98cd31Za5","","TIER_2","YES","Wikimedia Commons","107476832","https://commons.wikimedia.org/wiki/?curid=107476832","https://upload.wikimedia.org/wikipedia/commons/4/45/Seriola_dumerili_-_Fish3855.jpg?utm_source=commons.wikimedia.org&utm_campaign=imageinfo&utm_content=original","YES","NOAA Photo Library","NOAA Photo Library","CC BY 2.0","","https://creativecommons.org/licenses/by/2.0","https://commons.wikimedia.org/wiki/?curid=107476832","YES","YES","YES","YES","https://www.flickr.com/photos/noaaphotolib/11951841615/","YES","","","APPROVED","Codex item-level rights review","2026-08-14","Commons metadata/category claims Seriola dumerili; visual review not performed","YES","NO","NO","CLEAR_OR_REVIEWED","YES","YES","PENDING","Codex initial visual label review","","YES","PENDING","ACCEPTABLE","PENDING","","","","Metadata-only discovery; no image downloaded. Exact file page returned HTTP 200, displayed the recorded allowed license, showed no detected contradictory rights/deletion warning, and the temporary source image was visually reviewed. Temporary review copy was removed after adjudication. HIGH-confusion second independent label review remains required.","","",""
"wc-152817285","LABEL_REVIEW","2026-08-14","Codex metadata discovery","POSITIVE","Seriola dumerili","u1JpMvcENOy98cd31Za5","","TIER_2","YES","Wikimedia Commons","152817285","https://commons.wikimedia.org/wiki/?curid=152817285","https://upload.wikimedia.org/wikipedia/commons/1/19/Seriola_dumerili_%28FDA_189%29.jpg?utm_source=commons.wikimedia.org&utm_campaign=imageinfo&utm_content=original","YES","The U.S. Food and Drug Administration","The U.S. Food and Drug Administration","Public domain","","","https://commons.wikimedia.org/wiki/?curid=152817285","YES","YES","YES","NO","https://www.flickr.com/photos/fdaphotos/51700200478/","YES","","","APPROVED","Codex item-level rights review","2026-08-14","Commons metadata/category claims Seriola dumerili; visual review not performed","YES","NO","NO","CLEAR_OR_REVIEWED","YES","YES","PENDING","Codex initial visual label review","","YES","PENDING","ACCEPTABLE","PENDING","","","","Metadata-only discovery; no image downloaded. Exact file page returned HTTP 200, displayed the recorded allowed license, showed no detected contradictory rights/deletion warning, and the temporary source image was visually reviewed. Temporary review copy was removed after adjudication. HIGH-confusion second independent label review remains required.","","",""
"wc-158222300","LABEL_REVIEW","2026-08-14","Codex metadata discovery","POSITIVE","Seriola dumerili","u1JpMvcENOy98cd31Za5","","TIER_2","YES","Wikimedia Commons","158222300","https://commons.wikimedia.org/wiki/?curid=158222300","https://upload.wikimedia.org/wikipedia/commons/b/b5/Seriola_dumerili_juv.jpg?utm_source=commons.wikimedia.org&utm_campaign=imageinfo&utm_content=original","YES","adrian_tb","adrian_tb","CC0","","http://creativecommons.org/publicdomain/zero/1.0/deed.en","https://commons.wikimedia.org/wiki/?curid=158222300","YES","YES","YES","NO","https://www.inaturalist.org/observations/255930281","YES","","","APPROVED","Codex item-level rights review","2026-08-14","Commons metadata/category claims Seriola dumerili; visual review not performed","YES","NO","NO","CLEAR_OR_REVIEWED","YES","YES","PENDING","Codex initial visual label review","","YES","PENDING","ACCEPTABLE","PENDING","","","","Metadata-only discovery; no image downloaded. Suspected same-source/session variant; group during adjudication. Exact file page returned HTTP 200, displayed the recorded allowed license, showed no detected contradictory rights/deletion warning, and the temporary source image was visually reviewed. Temporary review copy was removed after adjudication. HIGH-confusion second independent label review remains required. Same juvenile Seriola source/session; one controlling group.","","",""
"wc-158222302","LABEL_REVIEW","2026-08-14","Codex metadata discovery","POSITIVE","Seriola dumerili","u1JpMvcENOy98cd31Za5","","TIER_2","YES","Wikimedia Commons","158222302","https://commons.wikimedia.org/wiki/?curid=158222302","https://upload.wikimedia.org/wikipedia/commons/6/6a/Seriola_dumerili_juvenile.jpg?utm_source=commons.wikimedia.org&utm_campaign=imageinfo&utm_content=original","YES","adrian_tb","adrian_tb","CC0","","http://creativecommons.org/publicdomain/zero/1.0/deed.en","https://commons.wikimedia.org/wiki/?curid=158222302","YES","YES","YES","NO","https://www.inaturalist.org/observations/255930281","YES","","","APPROVED","Codex item-level rights review","2026-08-14","Commons metadata/category claims Seriola dumerili; visual review not performed","YES","NO","NO","CLEAR_OR_REVIEWED","YES","YES","PENDING","Codex initial visual label review","","YES","PENDING","ACCEPTABLE","PENDING","","","","Metadata-only discovery; no image downloaded. Suspected same-source/session variant; group during adjudication. Exact file page returned HTTP 200, displayed the recorded allowed license, showed no detected contradictory rights/deletion warning, and the temporary source image was visually reviewed. Temporary review copy was removed after adjudication. HIGH-confusion second independent label review remains required. Same juvenile Seriola source/session; one controlling group.","","",""
"wc-175061978","LABEL_REVIEW","2026-08-14","Codex metadata discovery","POSITIVE","Seriola dumerili","u1JpMvcENOy98cd31Za5","","TIER_2","YES","Wikimedia Commons","175061978","https://commons.wikimedia.org/wiki/?curid=175061978","https://upload.wikimedia.org/wikipedia/commons/5/5f/Seriola_dumerili_Tenerife.jpg?utm_source=commons.wikimedia.org&utm_campaign=imageinfo&utm_content=original","YES","michael_bommerer","michael_bommerer","CC BY 4.0","","https://creativecommons.org/licenses/by/4.0","https://commons.wikimedia.org/wiki/?curid=175061978","YES","YES","YES","YES","https://www.inaturalist.org/observations/246904262","YES","","","APPROVED","Codex item-level rights review","2026-08-14","Commons metadata/category claims Seriola dumerili; visual review not performed","YES","NO","NO","CLEAR_OR_REVIEWED","YES","YES","PENDING","Codex initial visual label review","","YES","PENDING","ACCEPTABLE","PENDING","","","","Metadata-only discovery; no image downloaded. Exact file page returned HTTP 200, displayed the recorded allowed license, showed no detected contradictory rights/deletion warning, and the temporary source image was visually reviewed. Temporary review copy was removed after adjudication. HIGH-confusion second independent label review remains required.","","",""
"wc-17940231","LABEL_REVIEW","2026-08-14","Codex metadata discovery","POSITIVE","Seriola dumerili","u1JpMvcENOy98cd31Za5","","TIER_2","YES","Wikimedia Commons","17940231","https://commons.wikimedia.org/wiki/?curid=17940231","https://upload.wikimedia.org/wikipedia/commons/7/78/Fish4447_-_Flickr_-_NOAA_Photo_Library.jpg?utm_source=commons.wikimedia.org&utm_campaign=imageinfo&utm_content=original","YES","SEFSC Pascagoula Laboratory; Collection of Brandi Noble, NOAA/NMFS/SEFSC.","SEFSC Pascagoula Laboratory; Collection of Brandi Noble, NOAA/NMFS/SEFSC.","Public domain","","","https://commons.wikimedia.org/wiki/?curid=17940231","YES","YES","YES","NO","NOAA Photo Library : fish4447","YES","","","APPROVED","Codex item-level rights review","2026-08-14","Commons metadata/category claims Seriola dumerili; visual review not performed","YES","NO","NO","CLEAR_OR_REVIEWED","YES","YES","PENDING","Codex initial visual label review","","YES","PENDING","ACCEPTABLE","PENDING","","","","Metadata-only discovery; no image downloaded. Suspected same-source/session variant; group during adjudication. Exact file page returned HTTP 200, displayed the recorded allowed license, showed no detected contradictory rights/deletion warning, and the temporary source image was visually reviewed. Temporary review copy was removed after adjudication. HIGH-confusion second independent label review remains required.","","",""
"wc-17940247","LABEL_REVIEW","2026-08-14","Codex metadata discovery","POSITIVE","Seriola dumerili","u1JpMvcENOy98cd31Za5","","TIER_2","YES","Wikimedia Commons","17940247","https://commons.wikimedia.org/wiki/?curid=17940247","https://upload.wikimedia.org/wikipedia/commons/2/29/Fish4446_-_Flickr_-_NOAA_Photo_Library.jpg?utm_source=commons.wikimedia.org&utm_campaign=imageinfo&utm_content=original","YES","SEFSC Pascagoula Laboratory; Collection of Brandi Noble, NOAA/NMFS/SEFSC.","SEFSC Pascagoula Laboratory; Collection of Brandi Noble, NOAA/NMFS/SEFSC.","Public domain","","","https://commons.wikimedia.org/wiki/?curid=17940247","YES","YES","YES","NO","NOAA Photo Library : fish4446","YES","","","APPROVED","Codex item-level rights review","2026-08-14","Commons metadata/category claims Seriola dumerili; visual review not performed","YES","NO","NO","CLEAR_OR_REVIEWED","YES","YES","PENDING","Codex initial visual label review","","YES","PENDING","ACCEPTABLE","PENDING","","","","Metadata-only discovery; no image downloaded. Suspected same-source/session variant; group during adjudication. Exact file page returned HTTP 200, displayed the recorded allowed license, showed no detected contradictory rights/deletion warning, and the temporary source image was visually reviewed. Temporary review copy was removed after adjudication. HIGH-confusion second independent label review remains required.","","",""
"wc-20057402","LABEL_REVIEW","2026-08-14","Codex metadata discovery","POSITIVE","Seriola dumerili","u1JpMvcENOy98cd31Za5","","TIER_2","YES","Wikimedia Commons","20057402","https://commons.wikimedia.org/wiki/?curid=20057402","https://upload.wikimedia.org/wikipedia/commons/8/8b/Amberjack_Croatia.JPG?utm_source=commons.wikimedia.org&utm_campaign=imageinfo&utm_content=original","YES","Sandi Meholjic","Sandi Meholjic","CC BY 3.0","","https://creativecommons.org/licenses/by/3.0","https://commons.wikimedia.org/wiki/?curid=20057402","YES","YES","YES","YES","http://www.fishbase.us/photos/UploadedBy.php?autoctr=9519&win=uploaded","YES","","","APPROVED","Codex item-level rights review","2026-08-14","Commons metadata/category claims Seriola dumerili; visual review not performed","YES","NO","NO","CLEAR_OR_REVIEWED","YES","YES","PENDING","Codex initial visual label review","","YES","PENDING","ACCEPTABLE","PENDING","","","","Metadata-only discovery; no image downloaded. Exact file page returned HTTP 200, displayed the recorded allowed license, showed no detected contradictory rights/deletion warning, and the temporary source image was visually reviewed. Temporary review copy was removed after adjudication. HIGH-confusion second independent label review remains required.","","",""
"wc-20057422","LABEL_REVIEW","2026-08-14","Codex metadata discovery","POSITIVE","Seriola dumerili","u1JpMvcENOy98cd31Za5","","TIER_2","YES","Wikimedia Commons","20057422","https://commons.wikimedia.org/wiki/?curid=20057422","https://upload.wikimedia.org/wikipedia/commons/5/5b/Amberjack_Taiwan.jpg?utm_source=commons.wikimedia.org&utm_campaign=imageinfo&utm_content=original","YES","Gary","Gary","CC BY 3.0","","https://creativecommons.org/licenses/by/3.0","https://commons.wikimedia.org/wiki/?curid=20057422","YES","YES","YES","YES","http://www.fishbase.us/photos/UploadedBy.php?autoctr=14544&win=uploaded","YES","","","APPROVED","Codex item-level rights review","2026-08-14","Commons metadata/category claims Seriola dumerili; visual review not performed","YES","NO","NO","CLEAR_OR_REVIEWED","YES","YES","PENDING","Codex initial visual label review","","YES","PENDING","ACCEPTABLE","PENDING","","","","Metadata-only discovery; no image downloaded. Exact file page returned HTTP 200, displayed the recorded allowed license, showed no detected contradictory rights/deletion warning, and the temporary source image was visually reviewed. Temporary review copy was removed after adjudication. HIGH-confusion second independent label review remains required.","","",""
"wc-25971989","LABEL_REVIEW","2026-08-14","Codex metadata discovery","POSITIVE","Seriola dumerili","u1JpMvcENOy98cd31Za5","","TIER_2","YES","Wikimedia Commons","25971989","https://commons.wikimedia.org/wiki/?curid=25971989","https://upload.wikimedia.org/wikipedia/commons/d/d3/Seriola_dumerili_Minorca.jpg?utm_source=commons.wikimedia.org&utm_campaign=imageinfo&utm_content=original","YES","Roberto Pillon","Roberto Pillon","CC BY 3.0","","https://creativecommons.org/licenses/by/3.0","https://commons.wikimedia.org/wiki/?curid=25971989","YES","YES","YES","YES","http://fishbase.us/photos/thumbnailssummary.php?ID=1005#","YES","","","APPROVED","Codex item-level rights review","2026-08-14","Commons metadata/category claims Seriola dumerili; visual review not performed","YES","NO","NO","CLEAR_OR_REVIEWED","YES","YES","PENDING","Codex initial visual label review","","YES","PENDING","ACCEPTABLE","PENDING","","","","Metadata-only discovery; no image downloaded. Exact file page returned HTTP 200, displayed the recorded allowed license, showed no detected contradictory rights/deletion warning, and the temporary source image was visually reviewed. Temporary review copy was removed after adjudication. HIGH-confusion second independent label review remains required.","","",""
"wc-3475438","LABEL_REVIEW","2026-08-14","Codex metadata discovery","POSITIVE","Seriola dumerili","u1JpMvcENOy98cd31Za5","","TIER_2","YES","Wikimedia Commons","3475438","https://commons.wikimedia.org/wiki/?curid=3475438","https://upload.wikimedia.org/wikipedia/commons/6/60/Seriola_dumerili.jpg?utm_source=commons.wikimedia.org&utm_campaign=imageinfo&utm_content=original","YES","Credit: A. Hulbert, OAR/National Undersea Research Program (NURP); University of North Carolina at Wilmington","Credit: A. Hulbert, OAR/National Undersea Research Program (NURP); University of North Carolina at Wilmington","Public domain","","","https://commons.wikimedia.org/wiki/?curid=3475438","YES","YES","YES","NO","http://www.photolib.noaa.gov/htmls/nur00011.htm","YES","","","APPROVED","Codex item-level rights review","2026-08-14","Commons metadata/category claims Seriola dumerili; visual review not performed","YES","NO","NO","CLEAR_OR_REVIEWED","YES","YES","PENDING","Codex initial visual label review","","YES","PENDING","ACCEPTABLE","PENDING","","","","Metadata-only discovery; no image downloaded. Exact file page returned HTTP 200, displayed the recorded allowed license, showed no detected contradictory rights/deletion warning, and the temporary source image was visually reviewed. Temporary review copy was removed after adjudication. HIGH-confusion second independent label review remains required.","","",""
"wc-84227547","REJECTED","2026-08-14","Codex metadata discovery","POSITIVE","Seriola dumerili","u1JpMvcENOy98cd31Za5","","TIER_2","YES","Wikimedia Commons","84227547","https://commons.wikimedia.org/wiki/?curid=84227547","https://upload.wikimedia.org/wikipedia/commons/a/a6/SeriolaDumeriliRLS.jpg?utm_source=commons.wikimedia.org&utm_campaign=imageinfo&utm_content=original","YES","Ian V. Shaw / Reef Life Survey","Ian V. Shaw / Reef Life Survey","CC BY 3.0","","https://creativecommons.org/licenses/by/3.0","https://commons.wikimedia.org/wiki/?curid=84227547","YES","YES","YES","YES","http://fishesofaustralia.net.au/Home/species/2990#moreinfo","YES","","","APPROVED","Codex item-level rights review","2026-08-14","Commons metadata/category claims Seriola dumerili; visual review not performed","YES","NO","NO","CLEAR_OR_REVIEWED","YES","YES","PENDING","Codex initial visual label review","","YES","PENDING","ACCEPTABLE","REJECTED","REJECT_QUALITY","Low-resolution watermarked image is unsuitable for pilot","","Metadata-only discovery; no image downloaded. Exact file page returned HTTP 200, displayed the recorded allowed license, showed no detected contradictory rights/deletion warning, and the temporary source image was visually reviewed. Temporary review copy was removed after adjudication. HIGH-confusion second independent label review remains required.","","",""
"noaa-barracuda-mona-2003","RIGHTS_REVIEW","2026-08-14","Codex metadata discovery","POSITIVE","Sphyraena barracuda","ejX0Cx9YYxsmOQTJb8kK","","TIER_1","PENDING","NOAA","noaa-barracuda-mona-2003","https://oceanexplorer.noaa.gov/explorations/03mex/logs/sept29/sept29.html","","UNKNOWN","","","Federal work claim pending photographer verification","","","https://oceanexplorer.noaa.gov/explorations/03mex/logs/sept29/sept29.html","PENDING","PENDING","PENDING","PENDING","","NO","Legacy expedition page did not expose sufficient item-level photographer/rights evidence","","PENDING","Codex item-level rights review","2026-08-14","NOAA page claims Sphyraena barracuda; visual review not performed","YES","NO","NO","PENDING","PENDING","PENDING","PENDING","","","YES","EXPERT_REVIEW_REQUIRED","PENDING","PENDING","","","","Metadata-only discovery from official NOAA page; no image downloaded. Exact item rights and label require review. EXPERT_REVIEW_REQUIRED: qualified barracuda expertise was not available.","","",""
"noaa-barracuda-reef1926","LABEL_REVIEW","2026-08-14","Codex metadata discovery","POSITIVE","Sphyraena barracuda","ejX0Cx9YYxsmOQTJb8kK","","TIER_1","YES","NOAA","noaa-barracuda-reef1926","https://www.noaa.gov/noaa-collections/photo-library/reef1926jpg","","YES","NOAA CCMA Biogeography Team","NOAA","U.S. federal public domain","","","https://www.noaa.gov/noaa-collections/photo-library/reef1926jpg","YES","YES","YES","REQUESTED","NOAA CCMA Biogeography Team","YES","","","APPROVED","Codex item-level rights review","2026-08-14","NOAA page claims Sphyraena barracuda; visual review not performed","YES","NO","NO","PENDING","PENDING","PENDING","PENDING","","","YES","EXPERT_REVIEW_REQUIRED","PENDING","PENDING","","","","Metadata-only discovery from official NOAA page; no image downloaded. Exact item rights and label require review. EXPERT_REVIEW_REQUIRED: qualified barracuda expertise was not available.","","",""
"wc-16288520","LABEL_REVIEW","2026-08-14","Codex metadata discovery","POSITIVE","Sphyraena barracuda","ejX0Cx9YYxsmOQTJb8kK","","TIER_2","YES","Wikimedia Commons","16288520","https://commons.wikimedia.org/wiki/?curid=16288520","https://upload.wikimedia.org/wikipedia/commons/a/a9/Barracuda_Marker32_2010.jpg?utm_source=commons.wikimedia.org&utm_campaign=imageinfo&utm_content=original","YES","Jstuby at English Wikipedia","Jstuby at English Wikipedia","Public domain","","","https://commons.wikimedia.org/wiki/?curid=16288520","YES","YES","YES","NO","Transferred from en.wikipedia to Commons by Logan using CommonsHelper .","YES","","","APPROVED","Codex item-level rights review","2026-08-14","Commons metadata/category claims Sphyraena barracuda; visual review not performed","YES","NO","NO","CLEAR_OR_REVIEWED","YES","YES","PENDING","Codex initial visual label review","","YES","EXPERT_REVIEW_REQUIRED","ACCEPTABLE","PENDING","","","","Metadata-only discovery; no image downloaded. Exact file page returned HTTP 200, displayed the recorded allowed license, showed no detected contradictory rights/deletion warning, and the temporary source image was visually reviewed. Temporary review copy was removed after adjudication. EXPERT_REVIEW_REQUIRED: qualified barracuda expertise was not available.","","",""
"wc-17153958","LABEL_REVIEW","2026-08-14","Codex metadata discovery","POSITIVE","Sphyraena barracuda","ejX0Cx9YYxsmOQTJb8kK","","TIER_2","YES","Wikimedia Commons","17153958","https://commons.wikimedia.org/wiki/?curid=17153958","https://upload.wikimedia.org/wikipedia/commons/e/e6/Great_barracuda_and_yellowtail_snapper%2C_Caribbean_Sea_1989.jpg?utm_source=commons.wikimedia.org&utm_campaign=imageinfo&utm_content=original","YES","Dr. Anthony R. Picciolo, NOAA NODC","Dr. Anthony R. Picciolo, NOAA NODC","Public domain","","","https://commons.wikimedia.org/wiki/?curid=17153958","YES","YES","YES","NO","http://www.photolib.noaa.gov/htmls/reef1508.htm","YES","","","APPROVED","Codex item-level rights review","2026-08-14","Commons metadata/category claims Sphyraena barracuda; visual review not performed","YES","NO","NO","CLEAR_OR_REVIEWED","YES","YES","PENDING","Codex initial visual label review","","YES","EXPERT_REVIEW_REQUIRED","ACCEPTABLE","PENDING","","","","Metadata-only discovery; no image downloaded. Exact file page returned HTTP 200, displayed the recorded allowed license, showed no detected contradictory rights/deletion warning, and the temporary source image was visually reviewed. Temporary review copy was removed after adjudication. EXPERT_REVIEW_REQUIRED: qualified barracuda expertise was not available.","","",""
"wc-1758734","LABEL_REVIEW","2026-08-14","Codex metadata discovery","POSITIVE","Sphyraena barracuda","ejX0Cx9YYxsmOQTJb8kK","","TIER_2","YES","Wikimedia Commons","1758734","https://commons.wikimedia.org/wiki/?curid=1758734","https://upload.wikimedia.org/wikipedia/commons/5/58/Barracuda%28kok%29.jpg?utm_source=commons.wikimedia.org&utm_campaign=imageinfo&utm_content=original","YES","Albert Kok at Dutch Wikipedia Later versions were uploaded by Siebrand at nl.wikipedia .","Albert Kok at Dutch Wikipedia Later versions were uploaded by Siebrand at nl.wikipedia .","Public domain","","","https://commons.wikimedia.org/wiki/?curid=1758734","YES","YES","YES","NO","Transferred from nl.wikipedia to Commons.","YES","","","APPROVED","Codex item-level rights review","2026-08-14","Commons metadata/category claims Sphyraena barracuda; visual review not performed","YES","NO","NO","CLEAR_OR_REVIEWED","YES","YES","PENDING","Codex initial visual label review","","YES","EXPERT_REVIEW_REQUIRED","ACCEPTABLE","PENDING","","","","Metadata-only discovery; no image downloaded. Suspected same-source/session variant; group during adjudication. Exact file page returned HTTP 200, displayed the recorded allowed license, showed no detected contradictory rights/deletion warning, and the temporary source image was visually reviewed. Temporary review copy was removed after adjudication. EXPERT_REVIEW_REQUIRED: qualified barracuda expertise was not available.","","",""
"wc-1758736","LABEL_REVIEW","2026-08-14","Codex metadata discovery","POSITIVE","Sphyraena barracuda","ejX0Cx9YYxsmOQTJb8kK","","TIER_2","YES","Wikimedia Commons","1758736","https://commons.wikimedia.org/wiki/?curid=1758736","https://upload.wikimedia.org/wikipedia/commons/b/b8/Barrkok.JPG?utm_source=commons.wikimedia.org&utm_campaign=imageinfo&utm_content=original","YES","Albert Kok at Dutch Wikipedia Later versions were uploaded by Siebrand at nl.wikipedia .","Albert Kok at Dutch Wikipedia Later versions were uploaded by Siebrand at nl.wikipedia .","Public domain","","","https://commons.wikimedia.org/wiki/?curid=1758736","YES","YES","YES","NO","Transferred from nl.wikipedia to Commons.","YES","","","APPROVED","Codex item-level rights review","2026-08-14","Commons metadata/category claims Sphyraena barracuda; visual review not performed","YES","NO","NO","CLEAR_OR_REVIEWED","YES","YES","PENDING","Codex initial visual label review","","YES","EXPERT_REVIEW_REQUIRED","ACCEPTABLE","PENDING","","","","Metadata-only discovery; no image downloaded. Suspected same-source/session variant; group during adjudication. Exact file page returned HTTP 200, displayed the recorded allowed license, showed no detected contradictory rights/deletion warning, and the temporary source image was visually reviewed. Temporary review copy was removed after adjudication. EXPERT_REVIEW_REQUIRED: qualified barracuda expertise was not available.","","",""
"wc-18763929","LABEL_REVIEW","2026-08-14","Codex metadata discovery","POSITIVE","Sphyraena barracuda","ejX0Cx9YYxsmOQTJb8kK","","TIER_2","YES","Wikimedia Commons","18763929","https://commons.wikimedia.org/wiki/?curid=18763929","https://upload.wikimedia.org/wikipedia/commons/e/ec/Ikan_besar_Pelabuhan_Ratu.JPG?utm_source=commons.wikimedia.org&utm_campaign=imageinfo&utm_content=original","YES","Midori","Midori","CC BY 3.0","","https://creativecommons.org/licenses/by/3.0","https://commons.wikimedia.org/wiki/?curid=18763929","YES","YES","YES","YES","Own work","YES","","","APPROVED","Codex item-level rights review","2026-08-14","Commons metadata/category claims Sphyraena barracuda; visual review not performed","YES","NO","NO","CLEAR_OR_REVIEWED","YES","YES","PENDING","Codex initial visual label review","","YES","EXPERT_REVIEW_REQUIRED","ACCEPTABLE","PENDING","","","","Metadata-only discovery; no image downloaded. Exact file page returned HTTP 200, displayed the recorded allowed license, showed no detected contradictory rights/deletion warning, and the temporary source image was visually reviewed. Temporary review copy was removed after adjudication. EXPERT_REVIEW_REQUIRED: qualified barracuda expertise was not available.","","",""
"wc-25258225","LABEL_REVIEW","2026-08-14","Codex metadata discovery","POSITIVE","Sphyraena barracuda","ejX0Cx9YYxsmOQTJb8kK","","TIER_2","YES","Wikimedia Commons","25258225","https://commons.wikimedia.org/wiki/?curid=25258225","https://upload.wikimedia.org/wikipedia/commons/b/b8/Great_barracuda_Sphyraena_barracuda_%283476126289%29.jpg?utm_source=commons.wikimedia.org&utm_campaign=imageinfo&utm_content=original","YES","Paul Asman and Jill Lenoble","Paul Asman and Jill Lenoble","CC BY 2.0","","https://creativecommons.org/licenses/by/2.0","https://commons.wikimedia.org/wiki/?curid=25258225","YES","YES","YES","YES","great barracuda Sphyraena barracuda Uploaded by Amada44","YES","","","APPROVED","Codex item-level rights review","2026-08-14","Commons metadata/category claims Sphyraena barracuda; visual review not performed","YES","NO","NO","CLEAR_OR_REVIEWED","YES","YES","PENDING","Codex initial visual label review","","YES","EXPERT_REVIEW_REQUIRED","ACCEPTABLE","PENDING","","","","Metadata-only discovery; no image downloaded. Exact file page returned HTTP 200, displayed the recorded allowed license, showed no detected contradictory rights/deletion warning, and the temporary source image was visually reviewed. Temporary review copy was removed after adjudication. EXPERT_REVIEW_REQUIRED: qualified barracuda expertise was not available.","","",""
"wc-3293028","LABEL_REVIEW","2026-08-14","Codex metadata discovery","POSITIVE","Sphyraena barracuda","ejX0Cx9YYxsmOQTJb8kK","","TIER_2","YES","Wikimedia Commons","3293028","https://commons.wikimedia.org/wiki/?curid=3293028","https://upload.wikimedia.org/wikipedia/commons/6/6c/Giant_barracuda.jpg?utm_source=commons.wikimedia.org&utm_campaign=imageinfo&utm_content=original","YES","The original uploader was Dora at Japanese Wikipedia .","The original uploader was Dora at Japanese Wikipedia .","Public domain","","","https://commons.wikimedia.org/wiki/?curid=3293028","YES","YES","YES","NO","Transferred from ja.wikipedia to Commons.","YES","","","APPROVED","Codex item-level rights review","2026-08-14","Commons metadata/category claims Sphyraena barracuda; visual review not performed","YES","NO","NO","CLEAR_OR_REVIEWED","YES","YES","PENDING","Codex initial visual label review","","YES","EXPERT_REVIEW_REQUIRED","ACCEPTABLE","PENDING","","","","Metadata-only discovery; no image downloaded. Exact file page returned HTTP 200, displayed the recorded allowed license, showed no detected contradictory rights/deletion warning, and the temporary source image was visually reviewed. Temporary review copy was removed after adjudication. EXPERT_REVIEW_REQUIRED: qualified barracuda expertise was not available.","","",""
"wc-5963706","LABEL_REVIEW","2026-08-14","Codex metadata discovery","POSITIVE","Sphyraena barracuda","ejX0Cx9YYxsmOQTJb8kK","","TIER_2","YES","Wikimedia Commons","5963706","https://commons.wikimedia.org/wiki/?curid=5963706","https://upload.wikimedia.org/wikipedia/commons/4/4d/Bringing_in_the_barracuda.jpg?utm_source=commons.wikimedia.org&utm_campaign=imageinfo&utm_content=original","YES","Peter from Wellesley","Peter from Wellesley","CC BY 2.0","","https://creativecommons.org/licenses/by/2.0","https://commons.wikimedia.org/wiki/?curid=5963706","YES","YES","YES","YES","Bringing in the Barracuda","YES","","","APPROVED","Codex item-level rights review","2026-08-14","Commons metadata/category claims Sphyraena barracuda; visual review not performed","YES","NO","NO","CLEAR_OR_REVIEWED","YES","YES","PENDING","Codex initial visual label review","","YES","EXPERT_REVIEW_REQUIRED","ACCEPTABLE","PENDING","","","","Metadata-only discovery; no image downloaded. Exact file page returned HTTP 200, displayed the recorded allowed license, showed no detected contradictory rights/deletion warning, and the temporary source image was visually reviewed. Temporary review copy was removed after adjudication. EXPERT_REVIEW_REQUIRED: qualified barracuda expertise was not available.","","",""
"wc-6185265","LABEL_REVIEW","2026-08-14","Codex metadata discovery","POSITIVE","Sphyraena barracuda","ejX0Cx9YYxsmOQTJb8kK","","TIER_2","YES","Wikimedia Commons","6185265","https://commons.wikimedia.org/wiki/?curid=6185265","https://upload.wikimedia.org/wikipedia/commons/7/7a/Sphyraena_barracuda_1.jpg?utm_source=commons.wikimedia.org&utm_campaign=imageinfo&utm_content=original","YES","Karelj","Karelj","Public domain","","","https://commons.wikimedia.org/wiki/?curid=6185265","YES","YES","YES","NO","Own work","YES","","","APPROVED","Codex item-level rights review","2026-08-14","Commons metadata/category claims Sphyraena barracuda; visual review not performed","YES","NO","NO","CLEAR_OR_REVIEWED","YES","YES","PENDING","Codex initial visual label review","","YES","EXPERT_REVIEW_REQUIRED","ACCEPTABLE","PENDING","","","","Metadata-only discovery; no image downloaded. Suspected same-source/session variant; group during adjudication. Exact file page returned HTTP 200, displayed the recorded allowed license, showed no detected contradictory rights/deletion warning, and the temporary source image was visually reviewed. Temporary review copy was removed after adjudication. EXPERT_REVIEW_REQUIRED: qualified barracuda expertise was not available.","","",""
"wc-6185422","LABEL_REVIEW","2026-08-14","Codex metadata discovery","POSITIVE","Sphyraena barracuda","ejX0Cx9YYxsmOQTJb8kK","","TIER_2","YES","Wikimedia Commons","6185422","https://commons.wikimedia.org/wiki/?curid=6185422","https://upload.wikimedia.org/wikipedia/commons/e/eb/Sphyraena_barracuda_2.jpg?utm_source=commons.wikimedia.org&utm_campaign=imageinfo&utm_content=original","YES","Karelj","Karelj","Public domain","","","https://commons.wikimedia.org/wiki/?curid=6185422","YES","YES","YES","NO","Own work","YES","","","APPROVED","Codex item-level rights review","2026-08-14","Commons metadata/category claims Sphyraena barracuda; visual review not performed","YES","NO","NO","CLEAR_OR_REVIEWED","YES","YES","PENDING","Codex initial visual label review","","YES","EXPERT_REVIEW_REQUIRED","ACCEPTABLE","PENDING","","","","Metadata-only discovery; no image downloaded. Suspected same-source/session variant; group during adjudication. Exact file page returned HTTP 200, displayed the recorded allowed license, showed no detected contradictory rights/deletion warning, and the temporary source image was visually reviewed. Temporary review copy was removed after adjudication. EXPERT_REVIEW_REQUIRED: qualified barracuda expertise was not available.","","",""
"wc-80689247","LABEL_REVIEW","2026-08-14","Codex metadata discovery","POSITIVE","Sphyraena barracuda","ejX0Cx9YYxsmOQTJb8kK","","TIER_2","YES","Wikimedia Commons","80689247","https://commons.wikimedia.org/wiki/?curid=80689247","https://upload.wikimedia.org/wikipedia/commons/f/ff/Seabase_bahamas_-_baracuda_fishing_-_01.jpg?utm_source=commons.wikimedia.org&utm_campaign=imageinfo&utm_content=original","YES","Jarek Tuszyński","Jarek Tuszyński","CC BY 4.0","","https://creativecommons.org/licenses/by/4.0","https://commons.wikimedia.org/wiki/?curid=80689247","YES","YES","YES","YES","Own work","YES","","","APPROVED","Codex item-level rights review","2026-08-14","Commons metadata/category claims Sphyraena barracuda; visual review not performed","YES","NO","NO","CLEAR_OR_REVIEWED","YES","YES","PENDING","Codex initial visual label review","","YES","EXPERT_REVIEW_REQUIRED","ACCEPTABLE","PENDING","","","","Metadata-only discovery; no image downloaded. Exact file page returned HTTP 200, displayed the recorded allowed license, showed no detected contradictory rights/deletion warning, and the temporary source image was visually reviewed. Temporary review copy was removed after adjudication. EXPERT_REVIEW_REQUIRED: qualified barracuda expertise was not available.","","",""
"ood-wc-35648764","APPROVED","2026-08-14","Codex OOD metadata discovery","OOD","","","unsupported_fish","TIER_2","YES","Wikimedia Commons","35648764","https://commons.wikimedia.org/wiki/?curid=35648764","https://upload.wikimedia.org/wikipedia/commons/8/8d/Common_lion_fish_Pterois_volitans.jpg?utm_source=commons.wikimedia.org&utm_campaign=imageinfo&utm_content=original","YES","Michael Gäbler","Michael Gäbler","CC BY 3.0","3.0","https://creativecommons.org/licenses/by/3.0","https://commons.wikimedia.org/wiki/?curid=35648764","YES","YES","YES","YES","Michael Gäbler / CC BY 3.0","YES","","","APPROVED","Codex item-level OOD rights review","2026-08-14","Source identifies Pterois volitans; unsupported-fish category requires independent visual confirmation","NOT_APPLICABLE","NOT_APPLICABLE","YES","NOT_APPLICABLE","YES","YES","APPROVED","Edgar Rivera independent OOD category review","","NO","NOT_REQUIRED","ACCEPTABLE","APPROVED_FOR_ACQUISITION","","","","Own-work aquarium lionfish; not a frozen catalog species. Human visual/category and Dataset Approver decisions remain pending. Independently approved for controlled OOD acquisition by Edgar Rivera on 2026-08-14.","Edgar Rivera","APPROVED","2026-08-14"
"ood-wc-5191439","APPROVED","2026-08-14","Codex OOD metadata discovery","OOD","","","unsupported_fish","TIER_2","YES","Wikimedia Commons","5191439","https://commons.wikimedia.org/wiki/?curid=5191439","https://upload.wikimedia.org/wikipedia/commons/b/b2/Lion_fish.jpg?utm_source=commons.wikimedia.org&utm_campaign=imageinfo&utm_content=original","YES","Bachrach44","Bachrach44","Public domain","","","https://commons.wikimedia.org/wiki/?curid=5191439","YES","YES","YES","NO","","YES","","","APPROVED","Codex item-level OOD rights review","2026-08-14","Source identifies a lionfish; unsupported-fish category requires independent visual confirmation","NOT_APPLICABLE","NOT_APPLICABLE","YES","NOT_APPLICABLE","YES","YES","APPROVED","Edgar Rivera independent OOD category review","","NO","NOT_REQUIRED","ACCEPTABLE","APPROVED_FOR_ACQUISITION","","","","Own-work aquarium lionfish at the National Aquarium; not a frozen catalog species. Human visual/category and Dataset Approver decisions remain pending. Independently approved for controlled OOD acquisition by Edgar Rivera on 2026-08-14.","Edgar Rivera","APPROVED","2026-08-14"
"ood-wc-12104762","APPROVED","2026-08-14","Codex OOD metadata discovery","OOD","","","shark_ray","TIER_2","YES","Wikimedia Commons","12104762","https://commons.wikimedia.org/wiki/?curid=12104762","https://upload.wikimedia.org/wikipedia/commons/6/65/Ammenhai_unter_Riff.jpg?utm_source=commons.wikimedia.org&utm_campaign=imageinfo&utm_content=original","YES","Florida Keys National Marine Sanctuary Staff","NOAA / Florida Keys National Marine Sanctuary","Public domain","","","https://commons.wikimedia.org/wiki/?curid=12104762","YES","YES","YES","NO","","YES","","","APPROVED","Codex item-level OOD rights review","2026-08-14","NOAA reef2574 metadata identifies a nurse shark under a ledge","NOT_APPLICABLE","NOT_APPLICABLE","YES","NOT_APPLICABLE","YES","YES","APPROVED","Edgar Rivera independent OOD category review","","NO","NOT_REQUIRED","ACCEPTABLE","APPROVED_FOR_ACQUISITION","","","","Federal sanctuary-staff work; source group NOAA reef2574. Human visual/category and Dataset Approver decisions remain pending. Independently approved for controlled OOD acquisition by Edgar Rivera on 2026-08-14.","Edgar Rivera","APPROVED","2026-08-14"
"ood-wc-346756","APPROVED","2026-08-14","Codex OOD metadata discovery","OOD","","","shark_ray","TIER_2","YES","Wikimedia Commons","346756","https://commons.wikimedia.org/wiki/?curid=346756","https://upload.wikimedia.org/wikipedia/commons/c/c6/Belize_shark.jpg?utm_source=commons.wikimedia.org&utm_campaign=imageinfo&utm_content=original","YES","Josh from New Rochelle","Josh from New Rochelle","CC BY 2.0","2.0","https://creativecommons.org/licenses/by/2.0","https://commons.wikimedia.org/wiki/?curid=346756","YES","YES","YES","YES","Josh / CC BY 2.0","YES","","","APPROVED","Codex item-level OOD rights review","2026-08-14","Commons file metadata and category identify a shark","NOT_APPLICABLE","NOT_APPLICABLE","YES","NOT_APPLICABLE","YES","YES","APPROVED","Edgar Rivera independent OOD category review","","NO","NOT_REQUIRED","ACCEPTABLE","APPROVED_FOR_ACQUISITION","","","","Flickr-origin CC BY item with canonical Commons evidence. Human visual/category and Dataset Approver decisions remain pending. Independently approved for controlled OOD acquisition by Edgar Rivera on 2026-08-14.","Edgar Rivera","APPROVED","2026-08-14"
"ood-wc-29209984","APPROVED","2026-08-14","Codex OOD metadata discovery","OOD","","","crustacean","TIER_2","YES","Wikimedia Commons","29209984","https://commons.wikimedia.org/wiki/?curid=29209984","https://upload.wikimedia.org/wikipedia/commons/f/fe/A_big_blue_crab_%287831255628%29.jpg?utm_source=commons.wikimedia.org&utm_campaign=imageinfo&utm_content=original","YES","Virginia State Parks staff","Virginia State Parks","CC BY 2.0","2.0","https://creativecommons.org/licenses/by/2.0","https://commons.wikimedia.org/wiki/?curid=29209984","YES","YES","YES","YES","Virginia State Parks staff / CC BY 2.0","YES","","","APPROVED","Codex item-level OOD rights review","2026-08-14","Source identifies a blue crab","NOT_APPLICABLE","NOT_APPLICABLE","YES","NOT_APPLICABLE","YES","YES","APPROVED","Edgar Rivera independent OOD category review","","NO","NOT_REQUIRED","ACCEPTABLE","APPROVED_FOR_ACQUISITION","","","","Virginia Aquarium Camp/York River source context. Human visual/category and Dataset Approver decisions remain pending. Independently approved for controlled OOD acquisition by Edgar Rivera on 2026-08-14.","Edgar Rivera","APPROVED","2026-08-14"
"ood-wc-26396862","APPROVED","2026-08-14","Codex OOD metadata discovery","OOD","","","crustacean","TIER_2","YES","Wikimedia Commons","26396862","https://commons.wikimedia.org/wiki/?curid=26396862","https://upload.wikimedia.org/wikipedia/commons/9/98/Bio_Lab_Road_-_Flickr_-_Rusty_Clark_%2872%29.jpg?utm_source=commons.wikimedia.org&utm_campaign=imageinfo&utm_content=original","YES","Rusty Clark","Rusty Clark","CC BY 2.0","2.0","https://creativecommons.org/licenses/by/2.0","https://commons.wikimedia.org/wiki/?curid=26396862","YES","YES","YES","YES","Rusty Clark / CC BY 2.0","YES","","","APPROVED","Codex item-level OOD rights review","2026-08-14","Commons Callinectes sapidus category supports crustacean assignment; visual confirmation pending","NOT_APPLICABLE","NOT_APPLICABLE","YES","NOT_APPLICABLE","YES","YES","APPROVED","Edgar Rivera independent OOD category review","","NO","NOT_REQUIRED","ACCEPTABLE","APPROVED_FOR_ACQUISITION","","","","Bio Lab Road source family; human visual/category and Dataset Approver decisions remain pending. Independently approved for controlled OOD acquisition by Edgar Rivera on 2026-08-14.","Edgar Rivera","APPROVED","2026-08-14"
"ood-wc-181803762","APPROVED","2026-08-14","Codex OOD metadata discovery","OOD","","","fishing_gear","TIER_2","YES","Wikimedia Commons","181803762","https://commons.wikimedia.org/wiki/?curid=181803762","https://upload.wikimedia.org/wikipedia/commons/1/12/A_spinning_reel_on_a_rod.jpg?utm_source=commons.wikimedia.org&utm_campaign=imageinfo&utm_content=original","YES","JaredMcKenzie","JaredMcKenzie","CC0","1.0","http://creativecommons.org/publicdomain/zero/1.0/deed.en","https://commons.wikimedia.org/wiki/?curid=181803762","YES","YES","YES","NO","","YES","","","APPROVED","Codex item-level OOD rights review","2026-08-14","Source describes a spinning reel installed on a fishing rod","NOT_APPLICABLE","NOT_APPLICABLE","YES","NOT_APPLICABLE","YES","YES","APPROVED","Edgar Rivera independent OOD category review","","NO","NOT_REQUIRED","ACCEPTABLE","APPROVED_FOR_ACQUISITION","","","","Own-work CC0 gear image; correlated source/creator family with ood-wc-181803763. Human decisions remain pending. Independently approved for controlled OOD acquisition by Edgar Rivera on 2026-08-14.","Edgar Rivera","APPROVED","2026-08-14"
"ood-wc-181803763","APPROVED","2026-08-14","Codex OOD metadata discovery","OOD","","","fishing_gear","TIER_2","YES","Wikimedia Commons","181803763","https://commons.wikimedia.org/wiki/?curid=181803763","https://upload.wikimedia.org/wikipedia/commons/a/a8/A_3000_sized_spinning_reel.jpg?utm_source=commons.wikimedia.org&utm_campaign=imageinfo&utm_content=original","YES","JaredMcKenzie","JaredMcKenzie","CC0","1.0","http://creativecommons.org/publicdomain/zero/1.0/deed.en","https://commons.wikimedia.org/wiki/?curid=181803763","YES","YES","YES","NO","","YES","","","APPROVED","Codex item-level OOD rights review","2026-08-14","Source describes a 3000-size fishing reel without line","NOT_APPLICABLE","NOT_APPLICABLE","YES","NOT_APPLICABLE","YES","YES","APPROVED","Edgar Rivera independent OOD category review","","NO","NOT_REQUIRED","ACCEPTABLE","APPROVED_FOR_ACQUISITION","","","","Own-work CC0 gear image; correlated source/creator family with ood-wc-181803762. Human decisions remain pending. Independently approved for controlled OOD acquisition by Edgar Rivera on 2026-08-14.","Edgar Rivera","APPROVED","2026-08-14"
"ood-wc-33200360","APPROVED","2026-08-14","Codex OOD metadata discovery","OOD","","","boat","TIER_2","YES","Wikimedia Commons","33200360","https://commons.wikimedia.org/wiki/?curid=33200360","https://upload.wikimedia.org/wikipedia/commons/2/28/%27Weisser_Strand%27_am_Flakensee_in_Woltersdorf_Juni_2014_-_100.JPG?utm_source=commons.wikimedia.org&utm_campaign=imageinfo&utm_content=original","YES","Marcus Cyron","Marcus Cyron","CC BY 4.0","4.0","https://creativecommons.org/licenses/by/4.0","https://commons.wikimedia.org/wiki/?curid=33200360","YES","YES","YES","YES","Marcus Cyron / CC BY 4.0","YES","","","APPROVED","Codex item-level OOD rights review","2026-08-14","Commons motorboat category supports boat assignment; visual confirmation pending","NOT_APPLICABLE","NOT_APPLICABLE","YES","NOT_APPLICABLE","YES","YES","APPROVED","Edgar Rivera independent OOD category review","","NO","NOT_REQUIRED","ACCEPTABLE","APPROVED_FOR_ACQUISITION","","","","Wiki Loves Earth own-work item. Human visual/category and Dataset Approver decisions remain pending. Independently approved for controlled OOD acquisition by Edgar Rivera on 2026-08-14.","Edgar Rivera","APPROVED","2026-08-14"
"ood-wc-37313734","APPROVED","2026-08-14","Codex OOD metadata discovery","OOD","","","boat","TIER_2","YES","Wikimedia Commons","37313734","https://commons.wikimedia.org/wiki/?curid=37313734","https://upload.wikimedia.org/wikipedia/commons/1/18/2_b%C3%A2teaux_et_la_lune_-_2_boats_and_the_moon_%2811356131235%29.jpg?utm_source=commons.wikimedia.org&utm_campaign=imageinfo&utm_content=original","YES","Grand Parc - Bordeaux, France","Grand Parc - Bordeaux, France","CC BY 2.0","2.0","https://creativecommons.org/licenses/by/2.0","https://commons.wikimedia.org/wiki/?curid=37313734","YES","YES","YES","YES","Grand Parc - Bordeaux, France / CC BY 2.0","YES","","","APPROVED","Codex item-level OOD rights review","2026-08-14","Source title and metadata identify two boats","NOT_APPLICABLE","NOT_APPLICABLE","YES","NOT_APPLICABLE","YES","YES","APPROVED","Edgar Rivera independent OOD category review","","NO","NOT_REQUIRED","ACCEPTABLE","APPROVED_FOR_ACQUISITION","","","","Basque-coast boat scene. Human visual/category and Dataset Approver decisions remain pending. Independently approved for controlled OOD acquisition by Edgar Rivera on 2026-08-14.","Edgar Rivera","APPROVED","2026-08-14"
"ood-wc-92100670","APPROVED","2026-08-14","Codex OOD metadata discovery","OOD","","","beach_water","TIER_2","YES","Wikimedia Commons","92100670","https://commons.wikimedia.org/wiki/?curid=92100670","https://upload.wikimedia.org/wikipedia/commons/1/12/Santa_Isabel%2C_Puerto_Rico.jpg?utm_source=commons.wikimedia.org&utm_campaign=imageinfo&utm_content=original","YES","chispy2","chispy2","CC BY 2.0","2.0","https://creativecommons.org/licenses/by/2.0","https://commons.wikimedia.org/wiki/?curid=92100670","YES","YES","YES","YES","chispy2 / CC BY 2.0","YES","","","APPROVED","Codex item-level OOD rights review","2026-08-14","Commons Beaches of Puerto Rico category and source metadata support beach/water assignment","NOT_APPLICABLE","NOT_APPLICABLE","YES","NOT_APPLICABLE","YES","YES","APPROVED","Edgar Rivera independent OOD category review","","NO","NOT_REQUIRED","ACCEPTABLE","APPROVED_FOR_ACQUISITION","","","","Puerto Rico scene valuable for realistic app-context OOD. Human visual/category and Dataset Approver decisions remain pending. Independently approved for controlled OOD acquisition by Edgar Rivera on 2026-08-14.","Edgar Rivera","APPROVED","2026-08-14"
"ood-wc-119270848","APPROVED","2026-08-14","Codex OOD metadata discovery","OOD","","","beach_water","TIER_2","YES","Wikimedia Commons","119270848","https://commons.wikimedia.org/wiki/?curid=119270848","https://upload.wikimedia.org/wikipedia/commons/4/43/20190415_Yehliu_geopark_beach-1.jpg?utm_source=commons.wikimedia.org&utm_campaign=imageinfo&utm_content=original","YES","Balon Greyjoy","Balon Greyjoy","CC0","1.0","http://creativecommons.org/publicdomain/zero/1.0/deed.en","https://commons.wikimedia.org/wiki/?curid=119270848","YES","YES","YES","NO","","YES","","","APPROVED","Codex item-level OOD rights review","2026-08-14","Source identifies a beach in Yehliu Geopark","NOT_APPLICABLE","NOT_APPLICABLE","YES","NOT_APPLICABLE","YES","YES","APPROVED","Edgar Rivera independent OOD category review","","NO","NOT_REQUIRED","ACCEPTABLE","APPROVED_FOR_ACQUISITION","","","","Own-work CC0 beach scene. Human visual/category and Dataset Approver decisions remain pending. Independently approved for controlled OOD acquisition by Edgar Rivera on 2026-08-14.","Edgar Rivera","APPROVED","2026-08-14"
"ood-wc-140503658","APPROVED","2026-08-14","Codex OOD metadata discovery","OOD","","","person","TIER_2","YES","Wikimedia Commons","140503658","https://commons.wikimedia.org/wiki/?curid=140503658","https://upload.wikimedia.org/wikipedia/commons/3/3d/A_human_hand.png?utm_source=commons.wikimedia.org&utm_campaign=imageinfo&utm_content=original","YES","Editor3458654","Editor3458654","CC0","1.0","http://creativecommons.org/publicdomain/zero/1.0/deed.en","https://commons.wikimedia.org/wiki/?curid=140503658","YES","YES","YES","NO","","YES","","","APPROVED","Codex item-level OOD rights review","2026-08-14","Source identifies a human hand; controlled schema maps person_hands to person","NOT_APPLICABLE","NOT_APPLICABLE","YES","NOT_APPLICABLE","YES","YES","APPROVED","Edgar Rivera independent OOD category review","","NO","NOT_REQUIRED","ACCEPTABLE","APPROVED_FOR_ACQUISITION","","","","Own-work CC0 isolated hand. Human visual/category and Dataset Approver decisions remain pending. Independently approved for controlled OOD acquisition by Edgar Rivera on 2026-08-14.","Edgar Rivera","APPROVED","2026-08-14"
"ood-wc-61708668","APPROVED","2026-08-14","Codex OOD metadata discovery","OOD","","","person","TIER_2","YES","Wikimedia Commons","61708668","https://commons.wikimedia.org/wiki/?curid=61708668","https://upload.wikimedia.org/wikipedia/commons/e/e1/Bedford%2C_United_Kingdom_%28Unsplash%29.jpg?utm_source=commons.wikimedia.org&utm_campaign=imageinfo&utm_content=original","YES","Thomas Curryer","Thomas Curryer","CC0","1.0","http://creativecommons.org/publicdomain/zero/1.0/deed.en","https://commons.wikimedia.org/wiki/?curid=61708668","YES","YES","YES","NO","","YES","","","APPROVED","Codex item-level OOD rights review","2026-08-14","Commons Hands category supports person/hand assignment; visual confirmation pending","NOT_APPLICABLE","NOT_APPLICABLE","YES","NOT_APPLICABLE","YES","YES","APPROVED","Edgar Rivera independent OOD category review","","NO","NOT_REQUIRED","ACCEPTABLE","APPROVED_FOR_ACQUISITION","","","","Archived Unsplash CC0-era evidence referenced by Commons. Human visual/category and Dataset Approver decisions remain pending. Independently approved for controlled OOD acquisition by Edgar Rivera on 2026-08-14.","Edgar Rivera","APPROVED","2026-08-14"
