internalImageId,sampleType,oodCategory,fichaPezId,scientificName,sourceTier,sourceName,sourceItemId,originalSourceUrl,originalFilename,license,licenseUrl,photographerAuthor,attributionText,rightsStatus,labelStatus,labelReviewer,acquisitionDate,checksumSha256,perceptualHash,derivativeGroupId,sourceGroupId,sessionGroupId,individualFishGroupId,contributorGroupId,originalOrDerivative,parentImageId,poseTags,environmentTags,biologicalVariationTags,qualityFlags,datasetPartition,partitionLockStatus,exclusionReason,notes
fake-duplicate-a,POSITIVE,,0SCZ4miCcNiVY684bCwg,Acanthocybium solandri,TIER_1,synthetic-source,duplicate-item,https://invalid.example/dup-a,dup-a.jpg,CC0,https://invalid.example/license,,synthetic,APPROVED,APPROVED,reviewer,2026-08-14,dddddddddddddddddddddddddddddddddddddddddddddddddddddddddddddddd,1111111111111111,derivative-a,source-a,session-a,fish-a,contributor-a,ORIGINAL,,left_lateral,caught_held,adult,,TRAIN,LOCKED,,duplicate hash/source fixture
fake-duplicate-b,POSITIVE,,0SCZ4miCcNiVY684bCwg,Acanthocybium solandri,TIER_1,synthetic-source,duplicate-item,https://invalid.example/dup-b,dup-b.jpg,CC0,https://invalid.example/license,,synthetic,APPROVED,APPROVED,reviewer,2026-08-14,dddddddddddddddddddddddddddddddddddddddddddddddddddddddddddddddd,1111111111111110,derivative-b,source-b,session-b,fish-b,contributor-b,ORIGINAL,,right_lateral,caught_held,adult,,VALIDATION,LOCKED,,exact and perceptual cross-partition conflict
fake-derivative-a,POSITIVE,,AYGYpLjkS9LEv7AXVAuk,Coryphaena hippurus,TIER_1,synthetic-source,item-derivative-a,https://invalid.example/derivative-a,derivative-a.jpg,CC0,https://invalid.example/license,,synthetic,APPROVED,APPROVED,reviewer,2026-08-14,eeeeeeeeeeeeeeeeeeeeeeeeeeeeeeeeeeeeeeeeeeeeeeeeeeeeeeeeeeeeeeee,2222222222222222,shared-derivative,source-derivative-a,session-derivative-a,fish-derivative-a,contributor-c,ORIGINAL,,left_lateral,caught_held,adult,,TRAIN,LOCKED,,derivative leakage fixture
fake-derivative-b,POSITIVE,,AYGYpLjkS9LEv7AXVAuk,Coryphaena hippurus,TIER_1,synthetic-source,item-derivative-b,https://invalid.example/derivative-b,derivative-b.jpg,CC0,https://invalid.example/license,,synthetic,APPROVED,APPROVED,reviewer,2026-08-14,ffffffffffffffffffffffffffffffffffffffffffffffffffffffffffffffff,3333333333333333,shared-derivative,source-derivative-b,session-derivative-b,fish-derivative-b,contributor-c,DERIVATIVE,fake-derivative-a,right_lateral,caught_held,adult,,TEST,LOCKED,,derivative group crosses partitions
fake-session-a,POSITIVE,,PtbnNsBSRDwJzqGwvmv9,Centropomus undecimalis,TIER_1,synthetic-source,item-session-a,https://invalid.example/session-a,session-a.jpg,CC0,https://invalid.example/license,,synthetic,APPROVED,APPROVED,reviewer,2026-08-14,1234567890abcdef1234567890abcdef1234567890abcdef1234567890abcdef,4444444444444444,derivative-session-a,source-session-a,shared-session,shared-fish,contributor-d,ORIGINAL,,left_lateral,caught_held,adult,,VALIDATION,LOCKED,,session leakage fixture
fake-session-b,POSITIVE,,PtbnNsBSRDwJzqGwvmv9,Centropomus undecimalis,TIER_1,synthetic-source,item-session-b,https://invalid.example/session-b,session-b.jpg,CC0,https://invalid.example/license,,synthetic,APPROVED,APPROVED,reviewer,2026-08-14,abcdef1234567890abcdef1234567890abcdef1234567890abcdef1234567890,5555555555555555,derivative-session-b,source-session-b,shared-session,shared-fish,contributor-d,ORIGINAL,,right_lateral,caught_held,adult,,TEST,LOCKED,,session and individual leakage fixture
fake-invalid-id,POSITIVE,,not-a-ficha-id,Imaginarus invalidus,TIER_1,synthetic-source,item-invalid-id,https://invalid.example/invalid-id,invalid-id.jpg,CC0,https://invalid.example/license,,synthetic,APPROVED,APPROVED,reviewer,2026-08-14,0123456789abcdef0123456789abcdef0123456789abcdef0123456789abcdef,6666666666666666,derivative-invalid,source-invalid,session-invalid,fish-invalid,contributor-e,ORIGINAL,,oblique,caught_held,adult,,TRAIN,UNLOCKED,,invalid canonical ID fixture
fake-unapproved,POSITIVE,,AYGYpLjkS9LEv7AXVAuk,Coryphaena hippurus,TIER_2,synthetic-source,item-unapproved,https://invalid.example/unapproved,unapproved.jpg,CC-BY-4.0,https://invalid.example/license,,synthetic,PENDING,APPROVED,reviewer,2026-08-14,7890abcdef1234567890abcdef1234567890abcdef1234567890abcdef123456,7777777777777777,derivative-unapproved,source-unapproved,session-unapproved,fish-unapproved,contributor-f,ORIGINAL,,left_lateral,caught_held,adult,,TRAIN,UNLOCKED,,unapproved rights fixture
fake-ood-valid,OOD,unsupported_fish,,,TIER_1,synthetic-source,item-ood,https://invalid.example/ood,ood.jpg,CC0,https://invalid.example/license,,synthetic,APPROVED,APPROVED,reviewer,2026-08-14,890abcdef1234567890abcdef1234567890abcdef1234567890abcdef1234567,8888888888888888,derivative-ood,source-ood,session-ood,,contributor-g,ORIGINAL,,oblique,natural,unknown,,TEST,LOCKED,,valid OOD row inside invalid fixture
